Name;Station;Time;Precipitation;Snow_depth
Overhalla - Unnset;SN72650;2019-01-01;30;0
Overhalla - Unnset;SN72650;2019-01-02;5.2;5
Overhalla - Unnset;SN72650;2019-01-03;5.9;3
Overhalla - Unnset;SN72650;2019-01-04;34.3;0
Overhalla - Unnset;SN72650;2019-01-05;6.1;0
Overhalla - Unnset;SN72650;2019-01-06;4.5;0
Overhalla - Unnset;SN72650;2019-01-07;5.2;0
Overhalla - Unnset;SN72650;2019-01-08;0.7;0
Overhalla - Unnset;SN72650;2019-01-09;4.7;5
Overhalla - Unnset;SN72650;2019-01-10;6;10
Overhalla - Unnset;SN72650;2019-01-11;11.5;0
Overhalla - Unnset;SN72650;2019-01-12;8.8;1
Overhalla - Unnset;SN72650;2019-01-13;4.3;6
Overhalla - Unnset;SN72650;2019-01-14;10.6;21
Overhalla - Unnset;SN72650;2019-01-15;8.9;34
Overhalla - Unnset;SN72650;2019-01-16;0.6;30
Overhalla - Unnset;SN72650;2019-01-17;0.6;26
Overhalla - Unnset;SN72650;2019-01-18;6.8;33
Overhalla - Unnset;SN72650;2019-01-19;13;40
Overhalla - Unnset;SN72650;2019-01-20;12;51
Overhalla - Unnset;SN72650;2019-01-21;0.3;46
Overhalla - Unnset;SN72650;2019-01-22;1.3;45
Overhalla - Unnset;SN72650;2019-01-23;0;43
Overhalla - Unnset;SN72650;2019-01-24;0;40
Overhalla - Unnset;SN72650;2019-01-25;1.5;40
Overhalla - Unnset;SN72650;2019-01-26;0;37
Overhalla - Unnset;SN72650;2019-01-27;0;36
Overhalla - Unnset;SN72650;2019-01-28;0;36
Overhalla - Unnset;SN72650;2019-01-29;0;35
Overhalla - Unnset;SN72650;2019-01-30;0;35
Overhalla - Unnset;SN72650;2019-01-31;0;35
Overhalla - Unnset;SN72650;2019-02-01;0;34
Overhalla - Unnset;SN72650;2019-02-02;0;34
Overhalla - Unnset;SN72650;2019-02-03;0;34
Overhalla - Unnset;SN72650;2019-02-04;1.6;34
Overhalla - Unnset;SN72650;2019-02-05;0;34
Overhalla - Unnset;SN72650;2019-02-06;4.2;41
Overhalla - Unnset;SN72650;2019-02-07;5.3;44
Overhalla - Unnset;SN72650;2019-02-08;2.8;44
Overhalla - Unnset;SN72650;2019-02-09;0.1;44
Overhalla - Unnset;SN72650;2019-02-10;6.6;50
Overhalla - Unnset;SN72650;2019-02-11;3;53
Overhalla - Unnset;SN72650;2019-02-12;5;59
Overhalla - Unnset;SN72650;2019-02-13;11.5;53
Overhalla - Unnset;SN72650;2019-02-14;13.2;40
Overhalla - Unnset;SN72650;2019-02-15;11.2;18
Overhalla - Unnset;SN72650;2019-02-16;4.7;17
Overhalla - Unnset;SN72650;2019-02-17;0.7;17
Overhalla - Unnset;SN72650;2019-02-18;1.6;17
Overhalla - Unnset;SN72650;2019-02-19;0.4;17
Overhalla - Unnset;SN72650;2019-02-20;4.3;17
Overhalla - Unnset;SN72650;2019-02-21;0;17
Overhalla - Unnset;SN72650;2019-02-22;0.7;17
Overhalla - Unnset;SN72650;2019-02-23;12.4;15
Overhalla - Unnset;SN72650;2019-02-24;3;13
Overhalla - Unnset;SN72650;2019-02-25;1.7;3
Overhalla - Unnset;SN72650;2019-02-26;7.8;0
Overhalla - Unnset;SN72650;2019-02-27;6;0
Overhalla - Unnset;SN72650;2019-02-28;17.6;0
Overhalla - Unnset;SN72650;2019-03-01;0.4;0
Overhalla - Unnset;SN72650;2019-03-02;14.9;0
Overhalla - Unnset;SN72650;2019-03-03;0.1;1
Overhalla - Unnset;SN72650;2019-03-04;0;1
Overhalla - Unnset;SN72650;2019-03-05;0;1
Overhalla - Unnset;SN72650;2019-03-06;0;1
Overhalla - Unnset;SN72650;2019-03-07;0;1
Overhalla - Unnset;SN72650;2019-03-08;1;2
Overhalla - Unnset;SN72650;2019-03-09;0.8;3
Overhalla - Unnset;SN72650;2019-03-10;0.4;3
Overhalla - Unnset;SN72650;2019-03-11;0.2;3
Overhalla - Unnset;SN72650;2019-03-12;0;3
Overhalla - Unnset;SN72650;2019-03-13;0.1;3
Overhalla - Unnset;SN72650;2019-03-14;2.4;6
Overhalla - Unnset;SN72650;2019-03-15;0;6
Overhalla - Unnset;SN72650;2019-03-16;0;6
Overhalla - Unnset;SN72650;2019-03-17;0;6
Overhalla - Unnset;SN72650;2019-03-18;0;5
Overhalla - Unnset;SN72650;2019-03-19;0;4
Overhalla - Unnset;SN72650;2019-03-20;5.9;5
Overhalla - Unnset;SN72650;2019-03-21;8.9;1
Overhalla - Unnset;SN72650;2019-03-22;5;2
Overhalla - Unnset;SN72650;2019-03-23;1.3;0
Overhalla - Unnset;SN72650;2019-03-24;7.6;3
Overhalla - Unnset;SN72650;2019-03-25;0.8;1
Overhalla - Unnset;SN72650;2019-03-26;5.8;3
Overhalla - Unnset;SN72650;2019-03-27;8;2
Overhalla - Unnset;SN72650;2019-03-28;4.5;0
Overhalla - Unnset;SN72650;2019-03-29;14.5;0
Overhalla - Unnset;SN72650;2019-03-30;3.7;0
Overhalla - Unnset;SN72650;2019-03-31;8.6;2
Overhalla - Unnset;SN72650;2019-04-01;4.9;6
Overhalla - Unnset;SN72650;2019-04-02;3.4;3
Overhalla - Unnset;SN72650;2019-04-03;0;0
Overhalla - Unnset;SN72650;2019-04-04;0;0
Overhalla - Unnset;SN72650;2019-04-05;0;0
Overhalla - Unnset;SN72650;2019-04-06;0;0
Overhalla - Unnset;SN72650;2019-04-07;0.1;0
Overhalla - Unnset;SN72650;2019-04-08;0;0
Overhalla - Unnset;SN72650;2019-04-09;0;0
Overhalla - Unnset;SN72650;2019-04-10;0;0
Overhalla - Unnset;SN72650;2019-04-11;0;0
Overhalla - Unnset;SN72650;2019-04-12;0;0
Overhalla - Unnset;SN72650;2019-04-13;0;0
Overhalla - Unnset;SN72650;2019-04-14;0;0
Overhalla - Unnset;SN72650;2019-04-15;0;0
Overhalla - Unnset;SN72650;2019-04-16;0;0
Overhalla - Unnset;SN72650;2019-04-17;0;0
Overhalla - Unnset;SN72650;2019-04-18;0;0
Overhalla - Unnset;SN72650;2019-04-19;0;0
Overhalla - Unnset;SN72650;2019-04-20;0;0
Overhalla - Unnset;SN72650;2019-04-21;1.4;0
Overhalla - Unnset;SN72650;2019-04-22;1.1;0
Overhalla - Unnset;SN72650;2019-04-23;0;0
Overhalla - Unnset;SN72650;2019-04-24;0;0
Overhalla - Unnset;SN72650;2019-04-25;0;0
Overhalla - Unnset;SN72650;2019-04-26;0;0
Overhalla - Unnset;SN72650;2019-04-27;0;0
Overhalla - Unnset;SN72650;2019-04-28;0;0
Overhalla - Unnset;SN72650;2019-04-29;0;0
Overhalla - Unnset;SN72650;2019-04-30;0;0
Overhalla - Unnset;SN72650;2019-05-01;0.2;0
Overhalla - Unnset;SN72650;2019-05-02;2.5;0
Overhalla - Unnset;SN72650;2019-05-03;4;0
Overhalla - Unnset;SN72650;2019-05-04;1.7;0
Overhalla - Unnset;SN72650;2019-05-05;10.4;0
Overhalla - Unnset;SN72650;2019-05-06;0.1;0
Overhalla - Unnset;SN72650;2019-05-07;0.1;0
Overhalla - Unnset;SN72650;2019-05-08;20.2;5
Overhalla - Unnset;SN72650;2019-05-09;4.2;0
Overhalla - Unnset;SN72650;2019-05-10;0.6;0
Overhalla - Unnset;SN72650;2019-05-11;0.2;0
Overhalla - Unnset;SN72650;2019-05-12;4.2;0
Overhalla - Unnset;SN72650;2019-05-13;3.5;0
Overhalla - Unnset;SN72650;2019-05-14;4;0
Overhalla - Unnset;SN72650;2019-05-15;3.4;0
Overhalla - Unnset;SN72650;2019-05-16;0.5;0
Overhalla - Unnset;SN72650;2019-05-17;0;0
Overhalla - Unnset;SN72650;2019-05-18;0;0
Overhalla - Unnset;SN72650;2019-05-19;0;0
Overhalla - Unnset;SN72650;2019-05-20;3;0
Overhalla - Unnset;SN72650;2019-05-21;0;0
Overhalla - Unnset;SN72650;2019-05-22;0;0
Overhalla - Unnset;SN72650;2019-05-23;0.2;0
Overhalla - Unnset;SN72650;2019-05-24;4.8;0
Overhalla - Unnset;SN72650;2019-05-25;1.7;0
Overhalla - Unnset;SN72650;2019-05-26;0;0
Overhalla - Unnset;SN72650;2019-05-27;0.2;0
Overhalla - Unnset;SN72650;2019-05-28;1.5;0
Overhalla - Unnset;SN72650;2019-05-29;14.5;0
Overhalla - Unnset;SN72650;2019-05-30;3.2;0
Overhalla - Unnset;SN72650;2019-05-31;15.5;0
Overhalla - Unnset;SN72650;2019-06-01;9.4;0
Overhalla - Unnset;SN72650;2019-06-02;0.9;0
Overhalla - Unnset;SN72650;2019-06-03;0;0
Overhalla - Unnset;SN72650;2019-06-04;8.6;0
Overhalla - Unnset;SN72650;2019-06-05;1.7;0
Overhalla - Unnset;SN72650;2019-06-06;0;0
Overhalla - Unnset;SN72650;2019-06-07;1.1;0
Overhalla - Unnset;SN72650;2019-06-08;15.7;0
Overhalla - Unnset;SN72650;2019-06-09;9;0
Overhalla - Unnset;SN72650;2019-06-10;1.8;0
Overhalla - Unnset;SN72650;2019-06-11;0;0
Overhalla - Unnset;SN72650;2019-06-12;0;0
Overhalla - Unnset;SN72650;2019-06-13;2;0
Overhalla - Unnset;SN72650;2019-06-14;1.7;0
Overhalla - Unnset;SN72650;2019-06-15;0.4;0
Overhalla - Unnset;SN72650;2019-06-16;0;0
Overhalla - Unnset;SN72650;2019-06-17;0.4;0
Overhalla - Unnset;SN72650;2019-06-18;7.1;0
Overhalla - Unnset;SN72650;2019-06-19;7.3;0
Overhalla - Unnset;SN72650;2019-06-20;0.7;0
Overhalla - Unnset;SN72650;2019-06-21;6.5;0
Overhalla - Unnset;SN72650;2019-06-22;2;0
Overhalla - Unnset;SN72650;2019-06-23;5.3;0
Overhalla - Unnset;SN72650;2019-06-24;4.8;0
Overhalla - Unnset;SN72650;2019-06-25;0;0
Overhalla - Unnset;SN72650;2019-06-26;0;0
Overhalla - Unnset;SN72650;2019-06-27;4.5;0
Overhalla - Unnset;SN72650;2019-06-28;2.7;0
Overhalla - Unnset;SN72650;2019-06-29;8;0
Overhalla - Unnset;SN72650;2019-06-30;5;0
Overhalla - Unnset;SN72650;2019-07-01;12.9;0
Overhalla - Unnset;SN72650;2019-07-02;4.5;0
Overhalla - Unnset;SN72650;2019-07-03;7.6;0
Overhalla - Unnset;SN72650;2019-07-04;11.1;0
Overhalla - Unnset;SN72650;2019-07-05;2.2;0
Overhalla - Unnset;SN72650;2019-07-06;0.1;0
Overhalla - Unnset;SN72650;2019-07-07;0;0
Overhalla - Unnset;SN72650;2019-07-08;1.2;0
Overhalla - Unnset;SN72650;2019-07-09;0;0
Overhalla - Unnset;SN72650;2019-07-10;0;0
Overhalla - Unnset;SN72650;2019-07-11;0;0
Overhalla - Unnset;SN72650;2019-07-12;0;0
Overhalla - Unnset;SN72650;2019-07-13;0.1;0
Overhalla - Unnset;SN72650;2019-07-14;0.2;0
Overhalla - Unnset;SN72650;2019-07-15;1.4;0
Overhalla - Unnset;SN72650;2019-07-16;0.1;0
Overhalla - Unnset;SN72650;2019-07-17;0;0
Overhalla - Unnset;SN72650;2019-07-18;0;0
Overhalla - Unnset;SN72650;2019-07-19;0;0
Overhalla - Unnset;SN72650;2019-07-20;0.7;0
Overhalla - Unnset;SN72650;2019-07-21;0;0
Overhalla - Unnset;SN72650;2019-07-22;8;0
Overhalla - Unnset;SN72650;2019-07-23;0.1;0
Overhalla - Unnset;SN72650;2019-07-24;2.2;0
Overhalla - Unnset;SN72650;2019-07-25;0;0
Overhalla - Unnset;SN72650;2019-07-26;0;0
Overhalla - Unnset;SN72650;2019-07-27;0;0
Overhalla - Unnset;SN72650;2019-07-28;0;0
Overhalla - Unnset;SN72650;2019-07-29;0;0
Overhalla - Unnset;SN72650;2019-07-30;0;0
Overhalla - Unnset;SN72650;2019-07-31;0;0
Overhalla - Unnset;SN72650;2019-08-01;0;0
Overhalla - Unnset;SN72650;2019-08-02;0;0
Overhalla - Unnset;SN72650;2019-08-03;0;0
Overhalla - Unnset;SN72650;2019-08-04;0.1;0
Overhalla - Unnset;SN72650;2019-08-05;0;0
Overhalla - Unnset;SN72650;2019-08-06;0;0
Overhalla - Unnset;SN72650;2019-08-07;0;0
Overhalla - Unnset;SN72650;2019-08-08;0;0
Overhalla - Unnset;SN72650;2019-08-09;11.8;0
Overhalla - Unnset;SN72650;2019-08-10;0;0
Overhalla - Unnset;SN72650;2019-08-11;0.1;0
Overhalla - Unnset;SN72650;2019-08-12;0.5;0
Overhalla - Unnset;SN72650;2019-08-13;40.5;0
Overhalla - Unnset;SN72650;2019-08-14;7.7;0
Overhalla - Unnset;SN72650;2019-08-15;3;0
Overhalla - Unnset;SN72650;2019-08-16;0;0
Overhalla - Unnset;SN72650;2019-08-17;4.2;0
Overhalla - Unnset;SN72650;2019-08-18;2.5;0
Overhalla - Unnset;SN72650;2019-08-19;0.5;0
Overhalla - Unnset;SN72650;2019-08-20;0.1;0
Overhalla - Unnset;SN72650;2019-08-21;0.2;0
Overhalla - Unnset;SN72650;2019-08-22;0.3;0
Overhalla - Unnset;SN72650;2019-08-23;1.3;0
Overhalla - Unnset;SN72650;2019-08-24;0.2;0
Overhalla - Unnset;SN72650;2019-08-25;3.7;0
Overhalla - Unnset;SN72650;2019-08-26;22.6;0
Overhalla - Unnset;SN72650;2019-08-27;0.2;0
Overhalla - Unnset;SN72650;2019-08-28;0;0
Overhalla - Unnset;SN72650;2019-08-29;0;0
Overhalla - Unnset;SN72650;2019-08-30;10.1;0
Overhalla - Unnset;SN72650;2019-08-31;0.5;0
Overhalla - Unnset;SN72650;2019-09-01;0;0
Overhalla - Unnset;SN72650;2019-09-02;4.8;0
Overhalla - Unnset;SN72650;2019-09-03;1.6;0
Overhalla - Unnset;SN72650;2019-09-04;3.5;0
Overhalla - Unnset;SN72650;2019-09-05;10.6;0
Overhalla - Unnset;SN72650;2019-09-06;17.2;0
Overhalla - Unnset;SN72650;2019-09-07;5.7;0
Overhalla - Unnset;SN72650;2019-09-08;0.1;0
Overhalla - Unnset;SN72650;2019-09-09;0;0
Overhalla - Unnset;SN72650;2019-09-10;0.1;0
Overhalla - Unnset;SN72650;2019-09-11;0;0
Overhalla - Unnset;SN72650;2019-09-12;2.5;0
Overhalla - Unnset;SN72650;2019-09-13;19.1;0
Overhalla - Unnset;SN72650;2019-09-14;20.8;0
Overhalla - Unnset;SN72650;2019-09-15;10.7;0
Overhalla - Unnset;SN72650;2019-09-16;21;0
Overhalla - Unnset;SN72650;2019-09-17;29.4;0
Overhalla - Unnset;SN72650;2019-09-18;5.1;0
Overhalla - Unnset;SN72650;2019-09-19;7.3;0
Overhalla - Unnset;SN72650;2019-09-20;12.1;0
Overhalla - Unnset;SN72650;2019-09-21;76.8;0
Overhalla - Unnset;SN72650;2019-09-22;5.8;0
Overhalla - Unnset;SN72650;2019-09-23;0;0
Overhalla - Unnset;SN72650;2019-09-24;0;0
Overhalla - Unnset;SN72650;2019-09-25;0;0
Overhalla - Unnset;SN72650;2019-09-26;0;0
Overhalla - Unnset;SN72650;2019-09-27;0;0
Overhalla - Unnset;SN72650;2019-09-28;0;0
Overhalla - Unnset;SN72650;2019-09-29;0;0
Overhalla - Unnset;SN72650;2019-09-30;7.3;0
Overhalla - Unnset;SN72650;2019-10-01;0.2;0
Overhalla - Unnset;SN72650;2019-10-02;1.5;0
Overhalla - Unnset;SN72650;2019-10-03;2.7;0
Overhalla - Unnset;SN72650;2019-10-04;0;0
Overhalla - Unnset;SN72650;2019-10-05;0;0
Overhalla - Unnset;SN72650;2019-10-06;0;0
Overhalla - Unnset;SN72650;2019-10-07;0;0
Overhalla - Unnset;SN72650;2019-10-08;0;0
Overhalla - Unnset;SN72650;2019-10-09;0;0
Overhalla - Unnset;SN72650;2019-10-10;0;0
Overhalla - Unnset;SN72650;2019-10-11;0;0
Overhalla - Unnset;SN72650;2019-10-12;0.1;0
Overhalla - Unnset;SN72650;2019-10-13;3.5;0
Overhalla - Unnset;SN72650;2019-10-14;0.7;0
Overhalla - Unnset;SN72650;2019-10-15;0;0
Overhalla - Unnset;SN72650;2019-10-16;0;0
Overhalla - Unnset;SN72650;2019-10-17;0.3;0
Overhalla - Unnset;SN72650;2019-10-18;0;0
Overhalla - Unnset;SN72650;2019-10-19;0.5;0
Overhalla - Unnset;SN72650;2019-10-20;0;0
Overhalla - Unnset;SN72650;2019-10-21;0.1;0
Overhalla - Unnset;SN72650;2019-10-22;2.1;0
Overhalla - Unnset;SN72650;2019-10-23;5.5;0
Overhalla - Unnset;SN72650;2019-10-24;13.8;0
Overhalla - Unnset;SN72650;2019-10-25;2;0
Overhalla - Unnset;SN72650;2019-10-26;20;0
Overhalla - Unnset;SN72650;2019-10-27;13.2;0
Overhalla - Unnset;SN72650;2019-10-28;8.4;0
Overhalla - Unnset;SN72650;2019-10-29;4.7;0
Overhalla - Unnset;SN72650;2019-10-30;4.1;0
Overhalla - Unnset;SN72650;2019-10-31;24.3;0
Overhalla - Unnset;SN72650;2019-11-01;2.2;0
Overhalla - Unnset;SN72650;2019-11-02;4.5;0
Overhalla - Unnset;SN72650;2019-11-03;0.9;0
Overhalla - Unnset;SN72650;2019-11-04;0;0
Overhalla - Unnset;SN72650;2019-11-05;0;0
Overhalla - Unnset;SN72650;2019-11-06;0;0
Overhalla - Unnset;SN72650;2019-11-07;0;0
Overhalla - Unnset;SN72650;2019-11-08;0;0
Overhalla - Unnset;SN72650;2019-11-09;0;0
Overhalla - Unnset;SN72650;2019-11-10;0;0
Overhalla - Unnset;SN72650;2019-11-11;0;0
Overhalla - Unnset;SN72650;2019-11-12;0;0
Overhalla - Unnset;SN72650;2019-11-13;0;0
Overhalla - Unnset;SN72650;2019-11-14;0;0
Overhalla - Unnset;SN72650;2019-11-15;0;0
Overhalla - Unnset;SN72650;2019-11-16;0;0
Overhalla - Unnset;SN72650;2019-11-17;0.3;0
Overhalla - Unnset;SN72650;2019-11-18;0.1;0
Overhalla - Unnset;SN72650;2019-11-19;11.5;0
Overhalla - Unnset;SN72650;2019-11-20;14.3;0
Overhalla - Unnset;SN72650;2019-11-21;0;0
Overhalla - Unnset;SN72650;2019-11-22;0;0
Overhalla - Unnset;SN72650;2019-11-23;0;0
Overhalla - Unnset;SN72650;2019-11-24;0;0
Overhalla - Unnset;SN72650;2019-11-25;0;0
Overhalla - Unnset;SN72650;2019-11-26;0.5;1
Overhalla - Unnset;SN72650;2019-11-27;0;1
Overhalla - Unnset;SN72650;2019-11-28;0;1
Overhalla - Unnset;SN72650;2019-11-29;8;11
Overhalla - Unnset;SN72650;2019-11-30;11.5;23
Overhalla - Unnset;SN72650;2019-12-01;13.3;30
Overhalla - Unnset;SN72650;2019-12-02;4.5;33
Overhalla - Unnset;SN72650;2019-12-03;6.6;36
Overhalla - Unnset;SN72650;2019-12-04;23.5;10
Overhalla - Unnset;SN72650;2019-12-05;5.2;5
Overhalla - Unnset;SN72650;2019-12-06;7.5;4
Overhalla - Unnset;SN72650;2019-12-07;10.8;2
Overhalla - Unnset;SN72650;2019-12-08;7.7;3
Overhalla - Unnset;SN72650;2019-12-09;0.8;5
Overhalla - Unnset;SN72650;2019-12-10;5.3;10
Overhalla - Unnset;SN72650;2019-12-11;2.5;5
Overhalla - Unnset;SN72650;2019-12-12;0.5;5
Overhalla - Unnset;SN72650;2019-12-13;0;5
Overhalla - Unnset;SN72650;2019-12-14;0;5
Overhalla - Unnset;SN72650;2019-12-15;0;4
Overhalla - Unnset;SN72650;2019-12-16;0;3
Overhalla - Unnset;SN72650;2019-12-17;4.3;8
Overhalla - Unnset;SN72650;2019-12-18;1;7
Overhalla - Unnset;SN72650;2019-12-19;1.2;8
Overhalla - Unnset;SN72650;2019-12-20;0;8
Overhalla - Unnset;SN72650;2019-12-21;0.1;7
Overhalla - Unnset;SN72650;2019-12-22;1.5;5
Overhalla - Unnset;SN72650;2019-12-23;2.6;4
Overhalla - Unnset;SN72650;2019-12-24;0.9;4
Overhalla - Unnset;SN72650;2019-12-25;0;4
Overhalla - Unnset;SN72650;2019-12-26;0;4
Overhalla - Unnset;SN72650;2019-12-27;0;4
Overhalla - Unnset;SN72650;2019-12-28;6.3;8
Overhalla - Unnset;SN72650;2019-12-29;15.3;5
Overhalla - Unnset;SN72650;2019-12-30;23.6;2
Overhalla - Unnset;SN72650;2019-12-31;24.5;0
Overhalla - Unnset;SN72650;2020-01-01;42;0
Overhalla - Unnset;SN72650;2020-01-02;17.6;0
Overhalla - Unnset;SN72650;2020-01-03;15.5;0
Overhalla - Unnset;SN72650;2020-01-04;8.1;2
Overhalla - Unnset;SN72650;2020-01-05;4.2;5
Overhalla - Unnset;SN72650;2020-01-06;14.9;15
Overhalla - Unnset;SN72650;2020-01-07;5.6;8
Overhalla - Unnset;SN72650;2020-01-08;6.2;5
Overhalla - Unnset;SN72650;2020-01-09;13.6;5
Overhalla - Unnset;SN72650;2020-01-10;3;5
Overhalla - Unnset;SN72650;2020-01-11;8.2;9
Overhalla - Unnset;SN72650;2020-01-12;9.5;5
Overhalla - Unnset;SN72650;2020-01-13;21.9;10
Overhalla - Unnset;SN72650;2020-01-14;10;12
Overhalla - Unnset;SN72650;2020-01-15;0.1;12
Overhalla - Unnset;SN72650;2020-01-16;5.7;13
Overhalla - Unnset;SN72650;2020-01-17;3.3;12
Overhalla - Unnset;SN72650;2020-01-18;0.1;12
Overhalla - Unnset;SN72650;2020-01-19;8.2;10
Overhalla - Unnset;SN72650;2020-01-20;12.6;4
Overhalla - Unnset;SN72650;2020-01-21;18;2
Overhalla - Unnset;SN72650;2020-01-22;15.1;2
Overhalla - Unnset;SN72650;2020-01-23;17.6;3
Overhalla - Unnset;SN72650;2020-01-24;21;3
Overhalla - Unnset;SN72650;2020-01-25;11.8;10
Overhalla - Unnset;SN72650;2020-01-26;50.6;9
Overhalla - Unnset;SN72650;2020-01-27;13.9;12
Overhalla - Unnset;SN72650;2020-01-28;0;12
Overhalla - Unnset;SN72650;2020-01-29;0;11
Overhalla - Unnset;SN72650;2020-01-30;0;11
Overhalla - Unnset;SN72650;2020-01-31;0;10
Overhalla - Unnset;SN72650;2020-02-01;2.2;9
Overhalla - Unnset;SN72650;2020-02-02;8.9;5
Overhalla - Unnset;SN72650;2020-02-03;4.5;7
Overhalla - Unnset;SN72650;2020-02-04;0;7
Overhalla - Unnset;SN72650;2020-02-05;18.7;18
Overhalla - Unnset;SN72650;2020-02-06;9;14
Overhalla - Unnset;SN72650;2020-02-07;6.9;16
Overhalla - Unnset;SN72650;2020-02-08;1.4;13
Overhalla - Unnset;SN72650;2020-02-09;0;13
Overhalla - Unnset;SN72650;2020-02-10;2.7;12
Overhalla - Unnset;SN72650;2020-02-11;23;11
Overhalla - Unnset;SN72650;2020-02-12;0.4;11
Overhalla - Unnset;SN72650;2020-02-13;9.7;12
Overhalla - Unnset;SN72650;2020-02-14;3.6;16
Overhalla - Unnset;SN72650;2020-02-15;1.1;17
Overhalla - Unnset;SN72650;2020-02-16;5;14
Overhalla - Unnset;SN72650;2020-02-17;0.2;14
Overhalla - Unnset;SN72650;2020-02-18;8.1;11
Overhalla - Unnset;SN72650;2020-02-19;12.2;17
Overhalla - Unnset;SN72650;2020-02-20;0;16
Overhalla - Unnset;SN72650;2020-02-21;0.6;14
Overhalla - Unnset;SN72650;2020-02-22;6.5;12
Overhalla - Unnset;SN72650;2020-02-23;9;12
Overhalla - Unnset;SN72650;2020-02-24;5.6;14
Overhalla - Unnset;SN72650;2020-02-25;2.5;16
Overhalla - Unnset;SN72650;2020-02-26;0;15
Overhalla - Unnset;SN72650;2020-02-27;0;15
Overhalla - Unnset;SN72650;2020-02-28;0;15
Overhalla - Unnset;SN72650;2020-02-29;0.5;19
Overhalla - Unnset;SN72650;2020-03-01;1.5;28
Overhalla - Unnset;SN72650;2020-03-02;1;32
Overhalla - Unnset;SN72650;2020-03-03;0;28
Overhalla - Unnset;SN72650;2020-03-04;0;26
Overhalla - Unnset;SN72650;2020-03-05;0.1;24
Overhalla - Unnset;SN72650;2020-03-06;4.1;31
Overhalla - Unnset;SN72650;2020-03-07;3;26
Overhalla - Unnset;SN72650;2020-03-08;1.4;24
Overhalla - Unnset;SN72650;2020-03-09;3.2;22
Overhalla - Unnset;SN72650;2020-03-10;0.1;21
Overhalla - Unnset;SN72650;2020-03-11;0;20
Overhalla - Unnset;SN72650;2020-03-12;3;20
Overhalla - Unnset;SN72650;2020-03-13;8.8;28
Overhalla - Unnset;SN72650;2020-03-14;2.5;30
Overhalla - Unnset;SN72650;2020-03-15;0.7;29
Overhalla - Unnset;SN72650;2020-03-16;1.6;26
Overhalla - Unnset;SN72650;2020-03-17;0;24
Overhalla - Unnset;SN72650;2020-03-18;10;22
Overhalla - Unnset;SN72650;2020-03-19;12.8;22
Overhalla - Unnset;SN72650;2020-03-20;0.5;21
Overhalla - Unnset;SN72650;2020-03-21;6;28
Overhalla - Unnset;SN72650;2020-03-22;0;27
Overhalla - Unnset;SN72650;2020-03-23;0;26
Overhalla - Unnset;SN72650;2020-03-24;0.1;24
Overhalla - Unnset;SN72650;2020-03-25;18.2;20
Overhalla - Unnset;SN72650;2020-03-26;11.5;17
Overhalla - Unnset;SN72650;2020-03-27;2.7;14
Overhalla - Unnset;SN72650;2020-03-28;5;15
Overhalla - Unnset;SN72650;2020-03-29;2.7;16
Overhalla - Unnset;SN72650;2020-03-30;8.6;27
Overhalla - Unnset;SN72650;2020-03-31;10.2;18
Overhalla - Unnset;SN72650;2020-04-01;12.3;14
Overhalla - Unnset;SN72650;2020-04-02;12.5;15
Overhalla - Unnset;SN72650;2020-04-03;5.5;22
Overhalla - Unnset;SN72650;2020-04-04;0;34
Overhalla - Unnset;SN72650;2020-04-05;1;35
Overhalla - Unnset;SN72650;2020-04-06;2;35
Overhalla - Unnset;SN72650;2020-04-07;12;49
Overhalla - Unnset;SN72650;2020-04-08;0.6;14
Overhalla - Unnset;SN72650;2020-04-09;12.3;12
Overhalla - Unnset;SN72650;2020-04-10;11;20
Overhalla - Unnset;SN72650;2020-04-11;3.6;11
Overhalla - Unnset;SN72650;2020-04-12;6.1;10
Overhalla - Unnset;SN72650;2020-04-13;8;12
Overhalla - Unnset;SN72650;2020-04-14;3.5;14
Overhalla - Unnset;SN72650;2020-04-15;12.5;9
Overhalla - Unnset;SN72650;2020-04-16;12.6;7
Overhalla - Unnset;SN72650;2020-04-17;9.8;5
Overhalla - Unnset;SN72650;2020-04-18;1.8;3
Overhalla - Unnset;SN72650;2020-04-19;0.1;1
Overhalla - Unnset;SN72650;2020-04-20;0.1;0
Overhalla - Unnset;SN72650;2020-04-21;0;0
Overhalla - Unnset;SN72650;2020-04-22;0;0
Overhalla - Unnset;SN72650;2020-04-23;0;0
Overhalla - Unnset;SN72650;2020-04-24;5.8;0
Overhalla - Unnset;SN72650;2020-04-25;1.8;0
Overhalla - Unnset;SN72650;2020-04-26;2.7;0
Overhalla - Unnset;SN72650;2020-04-27;0.2;0
Overhalla - Unnset;SN72650;2020-04-28;0;0
Overhalla - Unnset;SN72650;2020-04-29;0;0
Overhalla - Unnset;SN72650;2020-04-30;0;0
Overhalla - Unnset;SN72650;2020-05-01;0;0
Overhalla - Unnset;SN72650;2020-05-02;0.1;0
Overhalla - Unnset;SN72650;2020-05-03;2.9;0
Overhalla - Unnset;SN72650;2020-05-04;9.6;2
Overhalla - Unnset;SN72650;2020-05-05;2.2;0
Overhalla - Unnset;SN72650;2020-05-06;7.4;0
Overhalla - Unnset;SN72650;2020-05-07;7.6;0
Overhalla - Unnset;SN72650;2020-05-08;8.7;0
Overhalla - Unnset;SN72650;2020-05-09;2.3;0
Overhalla - Unnset;SN72650;2020-05-10;1.5;0
Overhalla - Unnset;SN72650;2020-05-11;0;3
Overhalla - Unnset;SN72650;2020-05-12;7.5;2
Overhalla - Unnset;SN72650;2020-05-13;10.9;4
Overhalla - Unnset;SN72650;2020-05-14;5.7;2
Overhalla - Unnset;SN72650;2020-05-15;3.3;0
Overhalla - Unnset;SN72650;2020-05-16;5.6;0
Overhalla - Unnset;SN72650;2020-05-17;0.4;0
Overhalla - Unnset;SN72650;2020-05-18;1.5;0
Overhalla - Unnset;SN72650;2020-05-19;5.5;0
Overhalla - Unnset;SN72650;2020-05-20;2;0
Overhalla - Unnset;SN72650;2020-05-21;1.5;0
Overhalla - Unnset;SN72650;2020-05-22;0;0
Overhalla - Unnset;SN72650;2020-05-23;0.3;0
Overhalla - Unnset;SN72650;2020-05-24;0;0
Overhalla - Unnset;SN72650;2020-05-25;0;0
Overhalla - Unnset;SN72650;2020-05-26;0;0
Overhalla - Unnset;SN72650;2020-05-27;1.6;0
Overhalla - Unnset;SN72650;2020-05-28;7.7;0
Overhalla - Unnset;SN72650;2020-05-29;6.6;0
Overhalla - Unnset;SN72650;2020-05-30;2;0
Overhalla - Unnset;SN72650;2020-05-31;0;0
Overhalla - Unnset;SN72650;2020-06-01;0;0
Overhalla - Unnset;SN72650;2020-06-02;0;0
Overhalla - Unnset;SN72650;2020-06-03;0;0
Overhalla - Unnset;SN72650;2020-06-04;0.8;0
Overhalla - Unnset;SN72650;2020-06-05;0;0
Overhalla - Unnset;SN72650;2020-06-06;0;0
Overhalla - Unnset;SN72650;2020-06-07;5.5;0
Overhalla - Unnset;SN72650;2020-06-08;2.6;0
Overhalla - Unnset;SN72650;2020-06-09;1.2;0
Overhalla - Unnset;SN72650;2020-06-10;0;0
Overhalla - Unnset;SN72650;2020-06-11;0;0
Overhalla - Unnset;SN72650;2020-06-12;0;0
Overhalla - Unnset;SN72650;2020-06-13;0;0
Overhalla - Unnset;SN72650;2020-06-14;0;0
Overhalla - Unnset;SN72650;2020-06-15;1.5;0
Overhalla - Unnset;SN72650;2020-06-16;0;0
Overhalla - Unnset;SN72650;2020-06-17;0;0
Overhalla - Unnset;SN72650;2020-06-18;0;0
Overhalla - Unnset;SN72650;2020-06-19;0;0
Overhalla - Unnset;SN72650;2020-06-20;0;0
Overhalla - Unnset;SN72650;2020-06-21;0;0
Overhalla - Unnset;SN72650;2020-06-22;0;0
Overhalla - Unnset;SN72650;2020-06-23;0;0
Overhalla - Unnset;SN72650;2020-06-24;0;0
Overhalla - Unnset;SN72650;2020-06-25;0;0
Overhalla - Unnset;SN72650;2020-06-26;0;0
Overhalla - Unnset;SN72650;2020-06-27;0;0
Overhalla - Unnset;SN72650;2020-06-28;0;0
Overhalla - Unnset;SN72650;2020-06-29;0;0
Overhalla - Unnset;SN72650;2020-06-30;19.5;0
Overhalla - Unnset;SN72650;2020-07-01;1.1;0
Overhalla - Unnset;SN72650;2020-07-02;0.7;0
Overhalla - Unnset;SN72650;2020-07-03;0.1;0
Overhalla - Unnset;SN72650;2020-07-04;1.6;0
Overhalla - Unnset;SN72650;2020-07-05;0;0
Overhalla - Unnset;SN72650;2020-07-06;0;0
Overhalla - Unnset;SN72650;2020-07-07;0.1;0
Overhalla - Unnset;SN72650;2020-07-08;1.7;0
Overhalla - Unnset;SN72650;2020-07-09;1.9;0
Overhalla - Unnset;SN72650;2020-07-10;2.4;0
Overhalla - Unnset;SN72650;2020-07-11;4.5;0
Overhalla - Unnset;SN72650;2020-07-12;10.6;0
Overhalla - Unnset;SN72650;2020-07-13;4.8;0
Overhalla - Unnset;SN72650;2020-07-14;0.4;0
Overhalla - Unnset;SN72650;2020-07-15;0.3;0
Overhalla - Unnset;SN72650;2020-07-16;0.7;0
Overhalla - Unnset;SN72650;2020-07-17;0.4;0
Overhalla - Unnset;SN72650;2020-07-18;9.7;0
Overhalla - Unnset;SN72650;2020-07-19;8.1;0
Overhalla - Unnset;SN72650;2020-07-20;0.6;0
Overhalla - Unnset;SN72650;2020-07-21;0.3;0
Overhalla - Unnset;SN72650;2020-07-22;14;0
Overhalla - Unnset;SN72650;2020-07-23;3.7;0
Overhalla - Unnset;SN72650;2020-07-24;6.7;0
Overhalla - Unnset;SN72650;2020-07-25;12;0
Overhalla - Unnset;SN72650;2020-07-26;2.4;0
Overhalla - Unnset;SN72650;2020-07-27;0.4;0
Overhalla - Unnset;SN72650;2020-07-28;9.3;0
Overhalla - Unnset;SN72650;2020-07-29;0.1;0
Overhalla - Unnset;SN72650;2020-07-30;2.3;0
Overhalla - Unnset;SN72650;2020-07-31;0.1;0
Overhalla - Unnset;SN72650;2020-08-01;0.1;0
Overhalla - Unnset;SN72650;2020-08-02;0;0
Overhalla - Unnset;SN72650;2020-08-03;13.2;0
Overhalla - Unnset;SN72650;2020-08-04;3.3;0
Overhalla - Unnset;SN72650;2020-08-05;6;0
Overhalla - Unnset;SN72650;2020-08-06;2.2;0
Overhalla - Unnset;SN72650;2020-08-07;1.6;0
Overhalla - Unnset;SN72650;2020-08-08;0;0
Overhalla - Unnset;SN72650;2020-08-09;5.3;0
Overhalla - Unnset;SN72650;2020-08-10;0.2;0
Overhalla - Unnset;SN72650;2020-08-11;0;0
Overhalla - Unnset;SN72650;2020-08-12;0;0
Overhalla - Unnset;SN72650;2020-08-13;0;0
Overhalla - Unnset;SN72650;2020-08-14;1.3;0
Overhalla - Unnset;SN72650;2020-08-15;0.4;0
Overhalla - Unnset;SN72650;2020-08-16;3.5;0
Overhalla - Unnset;SN72650;2020-08-17;0.1;0
Overhalla - Unnset;SN72650;2020-08-18;0;0
Overhalla - Unnset;SN72650;2020-08-19;0.2;0
Overhalla - Unnset;SN72650;2020-08-20;0.5;0
Overhalla - Unnset;SN72650;2020-08-21;0;0
Overhalla - Unnset;SN72650;2020-08-22;0;0
Overhalla - Unnset;SN72650;2020-08-23;6.8;0
Overhalla - Unnset;SN72650;2020-08-24;1.5;0
Overhalla - Unnset;SN72650;2020-08-25;6.5;0
Overhalla - Unnset;SN72650;2020-08-26;10.6;0
Overhalla - Unnset;SN72650;2020-08-27;0.5;0
Overhalla - Unnset;SN72650;2020-08-28;0.7;0
Overhalla - Unnset;SN72650;2020-08-29;0;0
Overhalla - Unnset;SN72650;2020-08-30;0.1;0
Overhalla - Unnset;SN72650;2020-08-31;3.1;0
Overhalla - Unnset;SN72650;2020-09-01;0;0
Overhalla - Unnset;SN72650;2020-09-02;0;0
Overhalla - Unnset;SN72650;2020-09-03;0;0
Overhalla - Unnset;SN72650;2020-09-04;0.2;0
Overhalla - Unnset;SN72650;2020-09-05;12.2;0
Overhalla - Unnset;SN72650;2020-09-06;2.3;0
Overhalla - Unnset;SN72650;2020-09-07;0.5;0
Overhalla - Unnset;SN72650;2020-09-08;4.5;0
Overhalla - Unnset;SN72650;2020-09-09;13.9;0
Overhalla - Unnset;SN72650;2020-09-10;14;0
Overhalla - Unnset;SN72650;2020-09-11;19;0
Overhalla - Unnset;SN72650;2020-09-12;1.5;0
Overhalla - Unnset;SN72650;2020-09-13;5.3;0
Overhalla - Unnset;SN72650;2020-09-14;1.2;0
Overhalla - Unnset;SN72650;2020-09-15;0.2;0
Overhalla - Unnset;SN72650;2020-09-16;10.6;0
Overhalla - Unnset;SN72650;2020-09-17;1.6;0
Overhalla - Unnset;SN72650;2020-09-18;17.1;0
Overhalla - Unnset;SN72650;2020-09-19;9;0
Overhalla - Unnset;SN72650;2020-09-20;5.5;0
Overhalla - Unnset;SN72650;2020-09-21;18.7;0
Overhalla - Unnset;SN72650;2020-09-22;17;0
Overhalla - Unnset;SN72650;2020-09-23;2.6;0
Overhalla - Unnset;SN72650;2020-09-24;2.8;0
Overhalla - Unnset;SN72650;2020-09-25;6.4;0
Overhalla - Unnset;SN72650;2020-09-26;3.2;0
Overhalla - Unnset;SN72650;2020-09-27;0;0
Overhalla - Unnset;SN72650;2020-09-28;0;0
Overhalla - Unnset;SN72650;2020-09-29;0;0
Overhalla - Unnset;SN72650;2020-09-30;0;0
Overhalla - Unnset;SN72650;2020-10-01;0;0
Overhalla - Unnset;SN72650;2020-10-02;0;0
Overhalla - Unnset;SN72650;2020-10-03;0;0
Overhalla - Unnset;SN72650;2020-10-04;0;0
Overhalla - Unnset;SN72650;2020-10-05;1.6;0
Overhalla - Unnset;SN72650;2020-10-06;8.5;0
Overhalla - Unnset;SN72650;2020-10-07;0.3;0
Overhalla - Unnset;SN72650;2020-10-08;3;0
Overhalla - Unnset;SN72650;2020-10-09;0.8;0
Overhalla - Unnset;SN72650;2020-10-10;0.5;0
Overhalla - Unnset;SN72650;2020-10-11;0.3;0
Overhalla - Unnset;SN72650;2020-10-12;0;0
Overhalla - Unnset;SN72650;2020-10-13;1.7;0
Overhalla - Unnset;SN72650;2020-10-14;0.2;0
Overhalla - Unnset;SN72650;2020-10-15;3.5;0
Overhalla - Unnset;SN72650;2020-10-16;3.1;0
Overhalla - Unnset;SN72650;2020-10-17;5.8;0
Overhalla - Unnset;SN72650;2020-10-18;14.7;0
Overhalla - Unnset;SN72650;2020-10-19;0.7;0
Overhalla - Unnset;SN72650;2020-10-20;0;0
Overhalla - Unnset;SN72650;2020-10-21;0.5;0
Overhalla - Unnset;SN72650;2020-10-22;0;0
Overhalla - Unnset;SN72650;2020-10-23;0.4;0
Overhalla - Unnset;SN72650;2020-10-24;0.7;0
Overhalla - Unnset;SN72650;2020-10-25;0;0
Overhalla - Unnset;SN72650;2020-10-26;13;0
Overhalla - Unnset;SN72650;2020-10-27;0;0
Overhalla - Unnset;SN72650;2020-10-28;0;0
Overhalla - Unnset;SN72650;2020-10-29;4.3;0
Overhalla - Unnset;SN72650;2020-10-30;0.1;0
Overhalla - Unnset;SN72650;2020-10-31;4.3;0
Overhalla - Unnset;SN72650;2020-11-01;0;0
Overhalla - Unnset;SN72650;2020-11-02;0.1;0
Overhalla - Unnset;SN72650;2020-11-03;7.1;0
Overhalla - Unnset;SN72650;2020-11-04;0.8;0
Overhalla - Unnset;SN72650;2020-11-05;15.5;0
Overhalla - Unnset;SN72650;2020-11-06;27.5;0
Overhalla - Unnset;SN72650;2020-11-07;14;0
Overhalla - Unnset;SN72650;2020-11-08;4;0
Overhalla - Unnset;SN72650;2020-11-09;4.2;0
Overhalla - Unnset;SN72650;2020-11-10;0.9;0
Overhalla - Unnset;SN72650;2020-11-11;1.2;0
Overhalla - Unnset;SN72650;2020-11-12;0.2;0
Overhalla - Unnset;SN72650;2020-11-13;0;0
Overhalla - Unnset;SN72650;2020-11-14;0;0
Overhalla - Unnset;SN72650;2020-11-15;0;0
Overhalla - Unnset;SN72650;2020-11-16;0.1;0
Overhalla - Unnset;SN72650;2020-11-17;0.2;0
Overhalla - Unnset;SN72650;2020-11-18;2.2;0
Overhalla - Unnset;SN72650;2020-11-19;4.9;0
Overhalla - Unnset;SN72650;2020-11-20;12.6;5
Overhalla - Unnset;SN72650;2020-11-21;0.5;5
Overhalla - Unnset;SN72650;2020-11-22;17.3;0
Overhalla - Unnset;SN72650;2020-11-23;27.3;0
Overhalla - Unnset;SN72650;2020-11-24;2.7;0
Overhalla - Unnset;SN72650;2020-11-25;3.8;0
Overhalla - Unnset;SN72650;2020-11-26;11;0
Overhalla - Unnset;SN72650;2020-11-27;1;0
Overhalla - Unnset;SN72650;2020-11-28;0.1;0
Overhalla - Unnset;SN72650;2020-11-29;0;0
Overhalla - Unnset;SN72650;2020-11-30;0;0
Overhalla - Unnset;SN72650;2020-12-01;6.1;2
Overhalla - Unnset;SN72650;2020-12-02;0;2
Overhalla - Unnset;SN72650;2020-12-03;3.8;2
Overhalla - Unnset;SN72650;2020-12-04;0;2
Overhalla - Unnset;SN72650;2020-12-05;0;1
Overhalla - Unnset;SN72650;2020-12-06;0.4;2
Overhalla - Unnset;SN72650;2020-12-07;0.1;1
Overhalla - Unnset;SN72650;2020-12-08;0.1;1
Overhalla - Unnset;SN72650;2020-12-09;0;1
Overhalla - Unnset;SN72650;2020-12-10;0;1
Overhalla - Unnset;SN72650;2020-12-11;0;0
Overhalla - Unnset;SN72650;2020-12-12;0;0
Overhalla - Unnset;SN72650;2020-12-13;0;0
Overhalla - Unnset;SN72650;2020-12-14;0;0
Overhalla - Unnset;SN72650;2020-12-15;0;0
Overhalla - Unnset;SN72650;2020-12-16;6.4;0
Overhalla - Unnset;SN72650;2020-12-17;0;0
Overhalla - Unnset;SN72650;2020-12-18;2.5;0
Overhalla - Unnset;SN72650;2020-12-19;0;0
Overhalla - Unnset;SN72650;2020-12-20;0;0
Overhalla - Unnset;SN72650;2020-12-21;0;0
Overhalla - Unnset;SN72650;2020-12-22;0;0
Overhalla - Unnset;SN72650;2020-12-23;2;0
Overhalla - Unnset;SN72650;2020-12-24;11;0
Overhalla - Unnset;SN72650;2020-12-25;3.5;0
Overhalla - Unnset;SN72650;2020-12-26;0.2;0
Overhalla - Unnset;SN72650;2020-12-27;0.7;2
Overhalla - Unnset;SN72650;2020-12-28;0;0
Overhalla - Unnset;SN72650;2020-12-29;1.2;1
Overhalla - Unnset;SN72650;2020-12-30;0;0
Overhalla - Unnset;SN72650;2020-12-31;0.1;0
Overhalla - Unnset;SN72650;2021-01-01;0;0
Overhalla - Unnset;SN72650;2021-01-02;0.2;1
Overhalla - Unnset;SN72650;2021-01-03;0;1
Overhalla - Unnset;SN72650;2021-01-04;0;1
Overhalla - Unnset;SN72650;2021-01-05;0;1
Overhalla - Unnset;SN72650;2021-01-06;0;1
Overhalla - Unnset;SN72650;2021-01-07;0;1
Overhalla - Unnset;SN72650;2021-01-08;0;1
Overhalla - Unnset;SN72650;2021-01-09;0;1
Overhalla - Unnset;SN72650;2021-01-10;0.5;1
Overhalla - Unnset;SN72650;2021-01-11;5.3;11
Overhalla - Unnset;SN72650;2021-01-12;0.8;15
Overhalla - Unnset;SN72650;2021-01-13;0;12
Overhalla - Unnset;SN72650;2021-01-14;0;11
Overhalla - Unnset;SN72650;2021-01-15;0;11
Overhalla - Unnset;SN72650;2021-01-16;3;15
Overhalla - Unnset;SN72650;2021-01-17;0;13
Overhalla - Unnset;SN72650;2021-01-18;0;13
Overhalla - Unnset;SN72650;2021-01-19;0;12
Overhalla - Unnset;SN72650;2021-01-20;0;12
Overhalla - Unnset;SN72650;2021-01-21;0.1;13
Overhalla - Unnset;SN72650;2021-01-22;3.4;25
Overhalla - Unnset;SN72650;2021-01-23;0.1;20
Overhalla - Unnset;SN72650;2021-01-24;1.1;20
Overhalla - Unnset;SN72650;2021-01-25;0.9;20
Overhalla - Unnset;SN72650;2021-01-26;0;19
Overhalla - Unnset;SN72650;2021-01-27;6;27
Overhalla - Unnset;SN72650;2021-01-28;4.8;30
Overhalla - Unnset;SN72650;2021-01-29;0;28
Overhalla - Unnset;SN72650;2021-01-30;5.7;36
Overhalla - Unnset;SN72650;2021-01-31;0.4;36
Overhalla - Unnset;SN72650;2021-02-01;3.7;38
Overhalla - Unnset;SN72650;2021-02-02;1.5;36
Overhalla - Unnset;SN72650;2021-02-03;0;35
Overhalla - Unnset;SN72650;2021-02-04;0;33
Overhalla - Unnset;SN72650;2021-02-05;0;32
Overhalla - Unnset;SN72650;2021-02-06;0.2;32
Overhalla - Unnset;SN72650;2021-02-07;0.2;32
Overhalla - Unnset;SN72650;2021-02-08;0.1;31
Overhalla - Unnset;SN72650;2021-02-09;0;31
Overhalla - Unnset;SN72650;2021-02-10;4;36
Overhalla - Unnset;SN72650;2021-02-11;0;35
Overhalla - Unnset;SN72650;2021-02-12;0;34
Overhalla - Unnset;SN72650;2021-02-13;7.2;38
Overhalla - Unnset;SN72650;2021-02-14;8;36
Overhalla - Unnset;SN72650;2021-02-15;0.1;36
Overhalla - Unnset;SN72650;2021-02-16;0;36
Overhalla - Unnset;SN72650;2021-02-17;0;35
Overhalla - Unnset;SN72650;2021-02-18;0;35
Overhalla - Unnset;SN72650;2021-02-19;0;34
Overhalla - Unnset;SN72650;2021-02-20;0;34
Overhalla - Unnset;SN72650;2021-02-21;4.9;34
Overhalla - Unnset;SN72650;2021-02-22;2.4;32
Overhalla - Unnset;SN72650;2021-02-23;5;35
Overhalla - Unnset;SN72650;2021-02-24;1;33
Overhalla - Unnset;SN72650;2021-02-25;9;30
Overhalla - Unnset;SN72650;2021-02-26;14;24
Overhalla - Unnset;SN72650;2021-02-27;10;20
Overhalla - Unnset;SN72650;2021-02-28;21.4;5
Overhalla - Unnset;SN72650;2021-03-01;10.7;0
Overhalla - Unnset;SN72650;2021-03-02;13.5;0
Overhalla - Unnset;SN72650;2021-03-03;9.8;0
Overhalla - Unnset;SN72650;2021-03-04;5;6
Overhalla - Unnset;SN72650;2021-03-05;8.9;17
Overhalla - Unnset;SN72650;2021-03-06;20.5;5
Overhalla - Unnset;SN72650;2021-03-07;3;3
Overhalla - Unnset;SN72650;2021-03-08;0.1;3
Overhalla - Unnset;SN72650;2021-03-09;8.2;17
Overhalla - Unnset;SN72650;2021-03-10;0;15
Overhalla - Unnset;SN72650;2021-03-11;0;12
Overhalla - Unnset;SN72650;2021-03-12;4.6;18
Overhalla - Unnset;SN72650;2021-03-13;1;17
Overhalla - Unnset;SN72650;2021-03-14;0;16
Overhalla - Unnset;SN72650;2021-03-15;3.6;19
Overhalla - Unnset;SN72650;2021-03-16;5.7;16
Overhalla - Unnset;SN72650;2021-03-17;4.7;16
Overhalla - Unnset;SN72650;2021-03-18;4.1;14
Overhalla - Unnset;SN72650;2021-03-19;0;13
Overhalla - Unnset;SN72650;2021-03-20;20.1;8
Overhalla - Unnset;SN72650;2021-03-21;13.5;6
Overhalla - Unnset;SN72650;2021-03-22;11.8;8
Overhalla - Unnset;SN72650;2021-03-23;17.7;0
Overhalla - Unnset;SN72650;2021-03-24;10.1;0
Overhalla - Unnset;SN72650;2021-03-25;24;0
Overhalla - Unnset;SN72650;2021-03-26;0.5;0
Overhalla - Unnset;SN72650;2021-03-27;0;0
Overhalla - Unnset;SN72650;2021-03-28;1.6;0
Overhalla - Unnset;SN72650;2021-03-29;2;0
Overhalla - Unnset;SN72650;2021-03-30;3.6;0
Overhalla - Unnset;SN72650;2021-03-31;5.6;0
Overhalla - Unnset;SN72650;2021-04-01;10.6;0
Overhalla - Unnset;SN72650;2021-04-02;15.7;0
Overhalla - Unnset;SN72650;2021-04-03;5.6;2
Overhalla - Unnset;SN72650;2021-04-04;14.5;0
Overhalla - Unnset;SN72650;2021-04-05;17.6;8
Overhalla - Unnset;SN72650;2021-04-06;6.5;7
Overhalla - Unnset;SN72650;2021-04-07;6.2;5
Overhalla - Unnset;SN72650;2021-04-08;8.4;16
Overhalla - Unnset;SN72650;2021-04-09;1.2;13
Overhalla - Unnset;SN72650;2021-04-10;5.8;21
Overhalla - Unnset;SN72650;2021-04-11;1.5;15
Overhalla - Unnset;SN72650;2021-04-12;1.2;13
Overhalla - Unnset;SN72650;2021-04-13;0;12
Overhalla - Unnset;SN72650;2021-04-14;2.2;13
Overhalla - Unnset;SN72650;2021-04-15;0.1;7
Overhalla - Unnset;SN72650;2021-04-16;0.3;2
Overhalla - Unnset;SN72650;2021-04-17;0;0
Overhalla - Unnset;SN72650;2021-04-18;0;0
Overhalla - Unnset;SN72650;2021-04-19;0;0
Overhalla - Unnset;SN72650;2021-04-20;0;0
Overhalla - Unnset;SN72650;2021-04-21;4.5;0
Overhalla - Unnset;SN72650;2021-04-22;1.2;2
Overhalla - Unnset;SN72650;2021-04-23;4.5;2
Overhalla - Unnset;SN72650;2021-04-24;4.9;7
Overhalla - Unnset;SN72650;2021-04-25;0.8;2
Overhalla - Unnset;SN72650;2021-04-26;0.5;1
Overhalla - Unnset;SN72650;2021-04-27;0.2;1
Overhalla - Unnset;SN72650;2021-04-28;0.2;1
Overhalla - Unnset;SN72650;2021-04-29;0;0
Overhalla - Unnset;SN72650;2021-04-30;1.2;0
Overhalla - Unnset;SN72650;2021-05-01;0.4;0
Overhalla - Unnset;SN72650;2021-05-02;1.3;0
Overhalla - Unnset;SN72650;2021-05-03;1.7;0
Overhalla - Unnset;SN72650;2021-05-04;0.1;0
Overhalla - Unnset;SN72650;2021-05-05;0;0
Overhalla - Unnset;SN72650;2021-05-06;0;0
Overhalla - Unnset;SN72650;2021-05-07;0;0
Overhalla - Unnset;SN72650;2021-05-08;0.3;0
Overhalla - Unnset;SN72650;2021-05-09;1.5;0
Overhalla - Unnset;SN72650;2021-05-10;0;0
Overhalla - Unnset;SN72650;2021-05-11;4.2;0
Overhalla - Unnset;SN72650;2021-05-12;0;0
Overhalla - Unnset;SN72650;2021-05-13;1.7;0
Overhalla - Unnset;SN72650;2021-05-14;0.1;0
Overhalla - Unnset;SN72650;2021-05-15;0;0
Overhalla - Unnset;SN72650;2021-05-16;0.1;0
Overhalla - Unnset;SN72650;2021-05-17;0;0
Overhalla - Unnset;SN72650;2021-05-18;5.8;0
Overhalla - Unnset;SN72650;2021-05-19;2.1;0
Overhalla - Unnset;SN72650;2021-05-20;1;0
Overhalla - Unnset;SN72650;2021-05-21;0;0
Overhalla - Unnset;SN72650;2021-05-22;0;0
Overhalla - Unnset;SN72650;2021-05-23;0;0
Overhalla - Unnset;SN72650;2021-05-24;0;0
Overhalla - Unnset;SN72650;2021-05-25;0.1;0
Overhalla - Unnset;SN72650;2021-05-26;0;0
Overhalla - Unnset;SN72650;2021-05-27;0;0
Overhalla - Unnset;SN72650;2021-05-28;0;0
Overhalla - Unnset;SN72650;2021-05-29;0;0
Overhalla - Unnset;SN72650;2021-05-30;0;0
Overhalla - Unnset;SN72650;2021-05-31;0;0
Overhalla - Unnset;SN72650;2021-06-01;0;0
Overhalla - Unnset;SN72650;2021-06-02;0;0
Overhalla - Unnset;SN72650;2021-06-03;0;0
Overhalla - Unnset;SN72650;2021-06-04;0;0
Overhalla - Unnset;SN72650;2021-06-05;0;0
Overhalla - Unnset;SN72650;2021-06-06;0;0
Overhalla - Unnset;SN72650;2021-06-07;0.2;0
Overhalla - Unnset;SN72650;2021-06-08;0;0
Overhalla - Unnset;SN72650;2021-06-09;0;0
Overhalla - Unnset;SN72650;2021-06-10;0;0
Overhalla - Unnset;SN72650;2021-06-11;0;0
Overhalla - Unnset;SN72650;2021-06-12;14.5;0
Overhalla - Unnset;SN72650;2021-06-13;11.2;0
Overhalla - Unnset;SN72650;2021-06-14;7.6;0
Overhalla - Unnset;SN72650;2021-06-15;4.5;0
Overhalla - Unnset;SN72650;2021-06-16;6.6;0
Overhalla - Unnset;SN72650;2021-06-17;1.8;0
Overhalla - Unnset;SN72650;2021-06-18;1.1;0
Overhalla - Unnset;SN72650;2021-06-19;4.7;0
Overhalla - Unnset;SN72650;2021-06-20;3.4;0
Overhalla - Unnset;SN72650;2021-06-21;3.5;0
Overhalla - Unnset;SN72650;2021-06-22;1.3;0
Overhalla - Unnset;SN72650;2021-06-23;0;0
Overhalla - Unnset;SN72650;2021-06-24;0;0
Overhalla - Unnset;SN72650;2021-06-25;1.3;0
Overhalla - Unnset;SN72650;2021-06-26;0;0
Overhalla - Unnset;SN72650;2021-06-27;0.2;0
Overhalla - Unnset;SN72650;2021-06-28;0.5;0
Overhalla - Unnset;SN72650;2021-06-29;4.8;0
Overhalla - Unnset;SN72650;2021-06-30;0.2;0
Overhalla - Unnset;SN72650;2021-07-01;0;0
Overhalla - Unnset;SN72650;2021-07-02;0;0
Overhalla - Unnset;SN72650;2021-07-03;0;0
Overhalla - Unnset;SN72650;2021-07-04;0;0
Overhalla - Unnset;SN72650;2021-07-05;0;0
Overhalla - Unnset;SN72650;2021-07-06;0;0
Overhalla - Unnset;SN72650;2021-07-07;0;0
Overhalla - Unnset;SN72650;2021-07-08;1.2;0
Overhalla - Unnset;SN72650;2021-07-09;0.2;0
Overhalla - Unnset;SN72650;2021-07-10;0.5;0
Overhalla - Unnset;SN72650;2021-07-11;7;0
Overhalla - Unnset;SN72650;2021-07-12;2;0
Overhalla - Unnset;SN72650;2021-07-13;0;0
Overhalla - Unnset;SN72650;2021-07-14;0;0
Overhalla - Unnset;SN72650;2021-07-15;0.1;0
Overhalla - Unnset;SN72650;2021-07-16;0.1;0
Overhalla - Unnset;SN72650;2021-07-17;1;0
Overhalla - Unnset;SN72650;2021-07-18;18.3;0
Overhalla - Unnset;SN72650;2021-07-19;6.6;0
Overhalla - Unnset;SN72650;2021-07-20;12.2;0
Overhalla - Unnset;SN72650;2021-07-21;3.5;0
Overhalla - Unnset;SN72650;2021-07-22;1;0
Overhalla - Unnset;SN72650;2021-07-23;4.2;0
Overhalla - Unnset;SN72650;2021-07-24;0.1;0
Overhalla - Unnset;SN72650;2021-07-25;0;0
Overhalla - Unnset;SN72650;2021-07-26;0;0
Overhalla - Unnset;SN72650;2021-07-27;0;0
Overhalla - Unnset;SN72650;2021-07-28;0;0
Overhalla - Unnset;SN72650;2021-07-29;2.9;0
Overhalla - Unnset;SN72650;2021-07-30;0;0
Overhalla - Unnset;SN72650;2021-07-31;0;0
Overhalla - Unnset;SN72650;2021-08-01;0;0
Overhalla - Unnset;SN72650;2021-08-02;0.1;0
Overhalla - Unnset;SN72650;2021-08-03;0.6;0
Overhalla - Unnset;SN72650;2021-08-04;1.2;0
Overhalla - Unnset;SN72650;2021-08-05;0.2;0
Overhalla - Unnset;SN72650;2021-08-06;0;0
Overhalla - Unnset;SN72650;2021-08-07;0;0
Overhalla - Unnset;SN72650;2021-08-08;0.1;0
Overhalla - Unnset;SN72650;2021-08-09;1.5;0
Overhalla - Unnset;SN72650;2021-08-10;0;0
Overhalla - Unnset;SN72650;2021-08-11;0;0
Overhalla - Unnset;SN72650;2021-08-12;0;0
Overhalla - Unnset;SN72650;2021-08-13;0;0
Overhalla - Unnset;SN72650;2021-08-14;0.5;0
Overhalla - Unnset;SN72650;2021-08-15;4.5;0
Overhalla - Unnset;SN72650;2021-08-16;2.7;0
Overhalla - Unnset;SN72650;2021-08-17;0.1;0
Overhalla - Unnset;SN72650;2021-08-18;0;0
Overhalla - Unnset;SN72650;2021-08-19;19.2;0
Overhalla - Unnset;SN72650;2021-08-20;22.6;0
Overhalla - Unnset;SN72650;2021-08-21;5.2;0
Overhalla - Unnset;SN72650;2021-08-22;0.4;0
Overhalla - Unnset;SN72650;2021-08-23;0.1;0
Overhalla - Unnset;SN72650;2021-08-24;0.1;0
Overhalla - Unnset;SN72650;2021-08-25;60.5;0
Overhalla - Unnset;SN72650;2021-08-26;0.3;0
Overhalla - Unnset;SN72650;2021-08-27;0;0
Overhalla - Unnset;SN72650;2021-08-28;0;0
Overhalla - Unnset;SN72650;2021-08-29;0;0
Overhalla - Unnset;SN72650;2021-08-30;0;0
Overhalla - Unnset;SN72650;2021-08-31;2.9;0
Overhalla - Unnset;SN72650;2021-09-01;1.5;0
Overhalla - Unnset;SN72650;2021-09-02;7.3;0
Overhalla - Unnset;SN72650;2021-09-03;24.6;0
Overhalla - Unnset;SN72650;2021-09-04;2.2;0
Overhalla - Unnset;SN72650;2021-09-05;0.2;0
Overhalla - Unnset;SN72650;2021-09-06;0;0
Overhalla - Unnset;SN72650;2021-09-07;16.6;0
Overhalla - Unnset;SN72650;2021-09-08;41.9;0
Overhalla - Unnset;SN72650;2021-09-09;3;0
Overhalla - Unnset;SN72650;2021-09-10;0.4;0
Overhalla - Unnset;SN72650;2021-09-11;0.6;0
Overhalla - Unnset;SN72650;2021-09-12;0;0
Overhalla - Unnset;SN72650;2021-09-13;2.3;0
Overhalla - Unnset;SN72650;2021-09-14;3.6;0
Overhalla - Unnset;SN72650;2021-09-15;0;0
Overhalla - Unnset;SN72650;2021-09-16;0;0
Overhalla - Unnset;SN72650;2021-09-17;0.2;0
Overhalla - Unnset;SN72650;2021-09-18;0;0
Overhalla - Unnset;SN72650;2021-09-19;0;0
Overhalla - Unnset;SN72650;2021-09-20;0;0
Overhalla - Unnset;SN72650;2021-09-21;5.9;0
Overhalla - Unnset;SN72650;2021-09-22;6.5;0
Overhalla - Unnset;SN72650;2021-09-23;5;0
Overhalla - Unnset;SN72650;2021-09-24;2.7;0
Overhalla - Unnset;SN72650;2021-09-25;11.2;0
Overhalla - Unnset;SN72650;2021-09-26;2.8;0
Overhalla - Unnset;SN72650;2021-09-27;0.2;0
Overhalla - Unnset;SN72650;2021-09-28;0.1;0
Overhalla - Unnset;SN72650;2021-09-29;1.3;0
Overhalla - Unnset;SN72650;2021-09-30;0;0
Overhalla - Unnset;SN72650;2021-10-01;0;0
Overhalla - Unnset;SN72650;2021-10-02;0;0
Overhalla - Unnset;SN72650;2021-10-03;0.7;0
Overhalla - Unnset;SN72650;2021-10-04;9;0
Overhalla - Unnset;SN72650;2021-10-05;0.1;0
Overhalla - Unnset;SN72650;2021-10-06;0.1;0
Overhalla - Unnset;SN72650;2021-10-07;6.2;0
Overhalla - Unnset;SN72650;2021-10-08;15.1;0
Overhalla - Unnset;SN72650;2021-10-09;0.6;0
Overhalla - Unnset;SN72650;2021-10-10;11.2;0
Overhalla - Unnset;SN72650;2021-10-11;7.3;0
Overhalla - Unnset;SN72650;2021-10-12;15.3;0
Overhalla - Unnset;SN72650;2021-10-13;5.2;0
Overhalla - Unnset;SN72650;2021-10-14;9.6;0
Overhalla - Unnset;SN72650;2021-10-15;28.5;0
Overhalla - Unnset;SN72650;2021-10-16;9.8;0
Overhalla - Unnset;SN72650;2021-10-17;15.2;0
Overhalla - Unnset;SN72650;2021-10-18;8;0
Overhalla - Unnset;SN72650;2021-10-19;0.8;0
Overhalla - Unnset;SN72650;2021-10-20;10.2;0
Overhalla - Unnset;SN72650;2021-10-21;2.8;0
Overhalla - Unnset;SN72650;2021-10-22;11;0
Overhalla - Unnset;SN72650;2021-10-23;0.5;0
Overhalla - Unnset;SN72650;2021-10-24;5.4;0
Overhalla - Unnset;SN72650;2021-10-25;22.1;0
Overhalla - Unnset;SN72650;2021-10-26;1.3;0
Overhalla - Unnset;SN72650;2021-10-27;3.1;0
Overhalla - Unnset;SN72650;2021-10-28;17.7;0
Overhalla - Unnset;SN72650;2021-10-29;3.2;0
Overhalla - Unnset;SN72650;2021-10-30;0.2;0
Overhalla - Unnset;SN72650;2021-10-31;0.4;0
Overhalla - Unnset;SN72650;2021-11-01;6.9;0
Overhalla - Unnset;SN72650;2021-11-02;0;0
Overhalla - Unnset;SN72650;2021-11-03;0;0
Overhalla - Unnset;SN72650;2021-11-04;0;0
Overhalla - Unnset;SN72650;2021-11-05;0;0
Overhalla - Unnset;SN72650;2021-11-06;13.6;0
Overhalla - Unnset;SN72650;2021-11-07;0.6;0
Overhalla - Unnset;SN72650;2021-11-08;0;0
Overhalla - Unnset;SN72650;2021-11-09;4.5;5
Overhalla - Unnset;SN72650;2021-11-10;5.5;3
Overhalla - Unnset;SN72650;2021-11-11;11.6;0
Overhalla - Unnset;SN72650;2021-11-12;10;0
Overhalla - Unnset;SN72650;2021-11-13;1;0
Overhalla - Unnset;SN72650;2021-11-14;0;0
Overhalla - Unnset;SN72650;2021-11-15;0;0
Overhalla - Unnset;SN72650;2021-11-16;5.5;0
Overhalla - Unnset;SN72650;2021-11-17;5;0
Overhalla - Unnset;SN72650;2021-11-18;7.2;0
Overhalla - Unnset;SN72650;2021-11-19;14.1;1
Overhalla - Unnset;SN72650;2021-11-20;15.4;0
Overhalla - Unnset;SN72650;2021-11-21;7.7;0
Overhalla - Unnset;SN72650;2021-11-22;7.2;7
Overhalla - Unnset;SN72650;2021-11-23;16.5;6
Overhalla - Unnset;SN72650;2021-11-24;25.2;0
Overhalla - Unnset;SN72650;2021-11-25;6.9;2
Overhalla - Unnset;SN72650;2021-11-26;3.3;6
Overhalla - Unnset;SN72650;2021-11-27;0.4;5
Overhalla - Unnset;SN72650;2021-11-28;0;4
Overhalla - Unnset;SN72650;2021-11-29;0;4
Overhalla - Unnset;SN72650;2021-11-30;0;4
Overhalla - Unnset;SN72650;2021-12-01;3.3;10
Overhalla - Unnset;SN72650;2021-12-02;5.9;17
Overhalla - Unnset;SN72650;2021-12-03;0;16
Overhalla - Unnset;SN72650;2021-12-04;0;14
Overhalla - Unnset;SN72650;2021-12-05;0;14
Overhalla - Unnset;SN72650;2021-12-06;0;13
Overhalla - Unnset;SN72650;2021-12-07;0;13
Overhalla - Unnset;SN72650;2021-12-08;0;12
Overhalla - Unnset;SN72650;2021-12-09;0;12
Overhalla - Unnset;SN72650;2021-12-10;0;11
Overhalla - Unnset;SN72650;2021-12-11;0;11
Overhalla - Unnset;SN72650;2021-12-12;0.1;10
Overhalla - Unnset;SN72650;2021-12-13;1.3;10
Overhalla - Unnset;SN72650;2021-12-14;0.5;10
Overhalla - Unnset;SN72650;2021-12-15;1.5;9
Overhalla - Unnset;SN72650;2021-12-16;20.3;3
Overhalla - Unnset;SN72650;2021-12-17;9;0
Overhalla - Unnset;SN72650;2021-12-18;86;0
Overhalla - Unnset;SN72650;2021-12-19;36.5;0
Overhalla - Unnset;SN72650;2021-12-20;8.5;0
Overhalla - Unnset;SN72650;2021-12-21;1.2;2
Overhalla - Unnset;SN72650;2021-12-22;1.6;6
Overhalla - Unnset;SN72650;2021-12-23;1.5;6
Overhalla - Unnset;SN72650;2021-12-24;2.5;7
Overhalla - Unnset;SN72650;2021-12-25;7.5;15
Overhalla - Unnset;SN72650;2021-12-26;8.5;20
Overhalla - Unnset;SN72650;2021-12-27;0.5;21
Overhalla - Unnset;SN72650;2021-12-28;1.4;19
Overhalla - Unnset;SN72650;2021-12-29;0;19
Overhalla - Unnset;SN72650;2021-12-30;3.6;21
Overhalla - Unnset;SN72650;2021-12-31;4;22
Overhalla - Unnset;SN72650;2022-01-01;0.9;21
Overhalla - Unnset;SN72650;2022-01-02;7;25
Overhalla - Unnset;SN72650;2022-01-03;3.6;28
Overhalla - Unnset;SN72650;2022-01-04;3.4;33
Overhalla - Unnset;SN72650;2022-01-05;0.5;33
Overhalla - Unnset;SN72650;2022-01-06;5.7;41
Overhalla - Unnset;SN72650;2022-01-07;1.3;40
Overhalla - Unnset;SN72650;2022-01-08;0;34
Overhalla - Unnset;SN72650;2022-01-09;0;32
Overhalla - Unnset;SN72650;2022-01-10;0;32
Overhalla - Unnset;SN72650;2022-01-11;0.7;33
Overhalla - Unnset;SN72650;2022-01-12;0.8;32
Overhalla - Unnset;SN72650;2022-01-13;0.8;32
Overhalla - Unnset;SN72650;2022-01-14;18;7
Overhalla - Unnset;SN72650;2022-01-15;12.2;8
Overhalla - Unnset;SN72650;2022-01-16;8.4;9
Overhalla - Unnset;SN72650;2022-01-17;22.2;24
Overhalla - Unnset;SN72650;2022-01-18;6.8;20
Overhalla - Unnset;SN72650;2022-01-19;26.2;6
Overhalla - Unnset;SN72650;2022-01-20;15.4;11
Overhalla - Unnset;SN72650;2022-01-21;5.1;16
Overhalla - Unnset;SN72650;2022-01-22;3.5;12
Overhalla - Unnset;SN72650;2022-01-23;12.6;5
Overhalla - Unnset;SN72650;2022-01-24;12.8;0
Overhalla - Unnset;SN72650;2022-01-25;13.3;14
Overhalla - Unnset;SN72650;2022-01-26;7.6;19
Overhalla - Unnset;SN72650;2022-01-27;9;13
Overhalla - Unnset;SN72650;2022-01-28;2.4;11
Overhalla - Unnset;SN72650;2022-01-29;12.5;18
Overhalla - Unnset;SN72650;2022-01-30;6;18
Overhalla - Unnset;SN72650;2022-01-31;0.7;17
Overhalla - Unnset;SN72650;2022-02-01;1.6;23
Overhalla - Unnset;SN72650;2022-02-02;0;21
Overhalla - Unnset;SN72650;2022-02-03;2.7;27
Overhalla - Unnset;SN72650;2022-02-04;0.8;32
Overhalla - Unnset;SN72650;2022-02-05;4.8;34
Overhalla - Unnset;SN72650;2022-02-06;14;40
Overhalla - Unnset;SN72650;2022-02-07;0.9;40
Overhalla - Unnset;SN72650;2022-02-08;0.5;39
Overhalla - Unnset;SN72650;2022-02-09;12.1;38
Overhalla - Unnset;SN72650;2022-02-10;19.8;49
Overhalla - Unnset;SN72650;2022-02-11;11.3;52
Overhalla - Unnset;SN72650;2022-02-12;7;57
Overhalla - Unnset;SN72650;2022-02-13;6.4;56
Overhalla - Unnset;SN72650;2022-02-14;1.6;51
Overhalla - Unnset;SN72650;2022-02-15;0;51
Overhalla - Unnset;SN72650;2022-02-16;0.3;54
Overhalla - Unnset;SN72650;2022-02-17;0;59
Overhalla - Unnset;SN72650;2022-02-18;0;58
Overhalla - Unnset;SN72650;2022-02-19;0;56
Overhalla - Unnset;SN72650;2022-02-20;3.7;62
Overhalla - Unnset;SN72650;2022-02-21;0.1;64
Overhalla - Unnset;SN72650;2022-02-22;0;62
Overhalla - Unnset;SN72650;2022-02-23;2.6;63
Overhalla - Unnset;SN72650;2022-02-24;2;65
Overhalla - Unnset;SN72650;2022-02-25;5.6;64
Overhalla - Unnset;SN72650;2022-02-26;4.8;73
Overhalla - Unnset;SN72650;2022-02-27;0.2;69
Overhalla - Unnset;SN72650;2022-02-28;0;65
Overhalla - Unnset;SN72650;2022-03-01;0.1;65
Overhalla - Unnset;SN72650;2022-03-02;9.5;58
Overhalla - Unnset;SN72650;2022-03-03;8.4;53
Overhalla - Unnset;SN72650;2022-03-04;0;52
Overhalla - Unnset;SN72650;2022-03-05;0;52
Overhalla - Unnset;SN72650;2022-03-06;10;53
Overhalla - Unnset;SN72650;2022-03-07;16.8;51
Overhalla - Unnset;SN72650;2022-03-08;19.4;47
Overhalla - Unnset;SN72650;2022-03-09;0.1;46
Overhalla - Unnset;SN72650;2022-03-10;0;46
Overhalla - Unnset;SN72650;2022-03-11;0.5;46
Overhalla - Unnset;SN72650;2022-03-12;0;45
Overhalla - Unnset;SN72650;2022-03-13;0;45
Overhalla - Unnset;SN72650;2022-03-14;0;44
Overhalla - Unnset;SN72650;2022-03-15;0;44
Overhalla - Unnset;SN72650;2022-03-16;0;43
Overhalla - Unnset;SN72650;2022-03-17;0;43
Overhalla - Unnset;SN72650;2022-03-18;0.7;39
Overhalla - Unnset;SN72650;2022-03-19;4.4;31
Overhalla - Unnset;SN72650;2022-03-20;0;22
Overhalla - Unnset;SN72650;2022-03-21;0;21
Overhalla - Unnset;SN72650;2022-03-22;0;21
Overhalla - Unnset;SN72650;2022-03-23;1.7;21
Overhalla - Unnset;SN72650;2022-03-24;27.6;12
Overhalla - Unnset;SN72650;2022-03-25;24.2;6
Overhalla - Unnset;SN72650;2022-03-26;7.9;4
Overhalla - Unnset;SN72650;2022-03-27;15.7;14
Overhalla - Unnset;SN72650;2022-03-28;48.2;0
Overhalla - Unnset;SN72650;2022-03-29;1;0
Overhalla - Unnset;SN72650;2022-03-30;0.9;1
Overhalla - Unnset;SN72650;2022-03-31;0.3;0
Overhalla - Unnset;SN72650;2022-04-01;0;0
Overhalla - Unnset;SN72650;2022-04-02;4.7;6
Overhalla - Unnset;SN72650;2022-04-03;8.3;9
Overhalla - Unnset;SN72650;2022-04-04;1.3;9
Overhalla - Unnset;SN72650;2022-04-05;0;7
Overhalla - Unnset;SN72650;2022-04-06;0.6;7
Overhalla - Unnset;SN72650;2022-04-07;3.2;9
Overhalla - Unnset;SN72650;2022-04-08;0;7
Overhalla - Unnset;SN72650;2022-04-09;0;7
Overhalla - Unnset;SN72650;2022-04-10;0.9;4
Overhalla - Unnset;SN72650;2022-04-11;42.7;0
Overhalla - Unnset;SN72650;2022-04-12;7.3;0
Overhalla - Unnset;SN72650;2022-04-13;0;0
Overhalla - Unnset;SN72650;2022-04-14;0;0
Overhalla - Unnset;SN72650;2022-04-15;0;0
Overhalla - Unnset;SN72650;2022-04-16;0;0
Overhalla - Unnset;SN72650;2022-04-17;0;0
Overhalla - Unnset;SN72650;2022-04-18;0;0
Overhalla - Unnset;SN72650;2022-04-19;0;0
Overhalla - Unnset;SN72650;2022-04-20;0;0
Overhalla - Unnset;SN72650;2022-04-21;0;0
Overhalla - Unnset;SN72650;2022-04-22;0;0
Overhalla - Unnset;SN72650;2022-04-23;0;0
Overhalla - Unnset;SN72650;2022-04-24;0;0
Overhalla - Unnset;SN72650;2022-04-25;0.4;0
Overhalla - Unnset;SN72650;2022-04-26;4;0
Overhalla - Unnset;SN72650;2022-04-27;2.5;0
Overhalla - Unnset;SN72650;2022-04-28;3.5;0
Overhalla - Unnset;SN72650;2022-04-29;0.9;0
Overhalla - Unnset;SN72650;2022-04-30;6.6;0
Overhalla - Unnset;SN72650;2022-05-01;4.2;0
Overhalla - Unnset;SN72650;2022-05-02;0;0
Overhalla - Unnset;SN72650;2022-05-03;5.6;0
Overhalla - Unnset;SN72650;2022-05-04;0.8;0
Overhalla - Unnset;SN72650;2022-05-05;7;0
Overhalla - Unnset;SN72650;2022-05-06;3;0
Overhalla - Unnset;SN72650;2022-05-07;3.9;0
Overhalla - Unnset;SN72650;2022-05-08;13.5;0
Overhalla - Unnset;SN72650;2022-05-09;5.4;0
Overhalla - Unnset;SN72650;2022-05-10;0.3;0
Overhalla - Unnset;SN72650;2022-05-11;1.8;0
Overhalla - Unnset;SN72650;2022-05-12;1;0
Overhalla - Unnset;SN72650;2022-05-13;5.4;0
Overhalla - Unnset;SN72650;2022-05-14;7.4;0
Overhalla - Unnset;SN72650;2022-05-15;4.3;0
Overhalla - Unnset;SN72650;2022-05-16;2.6;0
Overhalla - Unnset;SN72650;2022-05-17;0.1;0
Overhalla - Unnset;SN72650;2022-05-18;0;0
Overhalla - Unnset;SN72650;2022-05-19;0.1;0
Overhalla - Unnset;SN72650;2022-05-20;0;0
Overhalla - Unnset;SN72650;2022-05-21;0;0
Overhalla - Unnset;SN72650;2022-05-22;0.1;0
Overhalla - Unnset;SN72650;2022-05-23;0;0
Overhalla - Unnset;SN72650;2022-05-24;0;0
Overhalla - Unnset;SN72650;2022-05-25;0;0
Overhalla - Unnset;SN72650;2022-05-26;5;0
Overhalla - Unnset;SN72650;2022-05-27;14.8;0
Overhalla - Unnset;SN72650;2022-05-28;0.4;0
Overhalla - Unnset;SN72650;2022-05-29;16.8;0
Overhalla - Unnset;SN72650;2022-05-30;2.6;0
Overhalla - Unnset;SN72650;2022-05-31;0;0
Overhalla - Unnset;SN72650;2022-06-01;0.3;0
Overhalla - Unnset;SN72650;2022-06-02;0.5;0
Overhalla - Unnset;SN72650;2022-06-03;0;0
Overhalla - Unnset;SN72650;2022-06-04;0.4;0
Overhalla - Unnset;SN72650;2022-06-05;10;0
Overhalla - Unnset;SN72650;2022-06-06;1;0
Overhalla - Unnset;SN72650;2022-06-07;0;0
Overhalla - Unnset;SN72650;2022-06-08;0;0
Overhalla - Unnset;SN72650;2022-06-09;0;0
Overhalla - Unnset;SN72650;2022-06-10;0;0
Overhalla - Unnset;SN72650;2022-06-11;0;0
Overhalla - Unnset;SN72650;2022-06-12;5;0
Overhalla - Unnset;SN72650;2022-06-13;6.5;0
Overhalla - Unnset;SN72650;2022-06-14;10;0
Overhalla - Unnset;SN72650;2022-06-15;1.6;0
Overhalla - Unnset;SN72650;2022-06-16;0.5;0
Overhalla - Unnset;SN72650;2022-06-17;0;0
Overhalla - Unnset;SN72650;2022-06-18;5;0
Overhalla - Unnset;SN72650;2022-06-19;0.9;0
Overhalla - Unnset;SN72650;2022-06-20;0;0
Overhalla - Unnset;SN72650;2022-06-21;2.1;0
Overhalla - Unnset;SN72650;2022-06-22;0;0
Overhalla - Unnset;SN72650;2022-06-23;13.7;0
Overhalla - Unnset;SN72650;2022-06-24;0;0
Overhalla - Unnset;SN72650;2022-06-25;0;0
Overhalla - Unnset;SN72650;2022-06-26;0.5;0
Overhalla - Unnset;SN72650;2022-06-27;0.2;0
Overhalla - Unnset;SN72650;2022-06-28;0.3;0
Overhalla - Unnset;SN72650;2022-06-29;17.9;0
Overhalla - Unnset;SN72650;2022-06-30;0;0
Overhalla - Unnset;SN72650;2022-07-01;0;0
Overhalla - Unnset;SN72650;2022-07-02;0;0
Overhalla - Unnset;SN72650;2022-07-03;0;0
Overhalla - Unnset;SN72650;2022-07-04;16.8;0
Overhalla - Unnset;SN72650;2022-07-05;14.1;0
Overhalla - Unnset;SN72650;2022-07-06;4;0
Overhalla - Unnset;SN72650;2022-07-07;17.5;0
Overhalla - Unnset;SN72650;2022-07-08;12.3;0
Overhalla - Unnset;SN72650;2022-07-09;4.6;0
Overhalla - Unnset;SN72650;2022-07-10;0;0
Overhalla - Unnset;SN72650;2022-07-11;0;0
Overhalla - Unnset;SN72650;2022-07-12;0;0
Overhalla - Unnset;SN72650;2022-07-13;2.4;0
Overhalla - Unnset;SN72650;2022-07-14;0.6;0
Overhalla - Unnset;SN72650;2022-07-15;4;0
Overhalla - Unnset;SN72650;2022-07-16;0;0
Overhalla - Unnset;SN72650;2022-07-17;0;0
Overhalla - Unnset;SN72650;2022-07-18;11.9;0
Overhalla - Unnset;SN72650;2022-07-19;4;0
Overhalla - Unnset;SN72650;2022-07-20;1.1;0
Overhalla - Unnset;SN72650;2022-07-21;17.7;0
Overhalla - Unnset;SN72650;2022-07-22;1.6;0
Overhalla - Unnset;SN72650;2022-07-23;0.1;0
Overhalla - Unnset;SN72650;2022-07-24;0;0
Overhalla - Unnset;SN72650;2022-07-25;1;0
Overhalla - Unnset;SN72650;2022-07-26;0.5;0
Overhalla - Unnset;SN72650;2022-07-27;11.8;0
Overhalla - Unnset;SN72650;2022-07-28;2;0
Overhalla - Unnset;SN72650;2022-07-29;0.1;0
Overhalla - Unnset;SN72650;2022-07-30;0;0
Overhalla - Unnset;SN72650;2022-07-31;0;0
Overhalla - Unnset;SN72650;2022-08-01;23.5;0
Overhalla - Unnset;SN72650;2022-08-02;2.2;0
Overhalla - Unnset;SN72650;2022-08-03;0;0
Overhalla - Unnset;SN72650;2022-08-04;5;0
Overhalla - Unnset;SN72650;2022-08-05;4.6;0
Overhalla - Unnset;SN72650;2022-08-06;0;0
Overhalla - Unnset;SN72650;2022-08-07;0;0
Overhalla - Unnset;SN72650;2022-08-08;0;0
Overhalla - Unnset;SN72650;2022-08-09;3.7;0
Overhalla - Unnset;SN72650;2022-08-10;10.1;0
Overhalla - Unnset;SN72650;2022-08-11;12.1;0
Overhalla - Unnset;SN72650;2022-08-12;1.2;0
Overhalla - Unnset;SN72650;2022-08-13;0;0
Overhalla - Unnset;SN72650;2022-08-14;0;0
Overhalla - Unnset;SN72650;2022-08-15;0;0
Overhalla - Unnset;SN72650;2022-08-16;0;0
Overhalla - Unnset;SN72650;2022-08-17;20.5;0
Overhalla - Unnset;SN72650;2022-08-18;0;0
Overhalla - Unnset;SN72650;2022-08-19;5.2;0
Overhalla - Unnset;SN72650;2022-08-20;0;0
Overhalla - Unnset;SN72650;2022-08-21;6.6;0
Overhalla - Unnset;SN72650;2022-08-22;11.5;0
Overhalla - Unnset;SN72650;2022-08-23;0.8;0
Overhalla - Unnset;SN72650;2022-08-24;0;0
Overhalla - Unnset;SN72650;2022-08-25;0;0
Overhalla - Unnset;SN72650;2022-08-26;0;0
Overhalla - Unnset;SN72650;2022-08-27;11.1;0
Overhalla - Unnset;SN72650;2022-08-28;8.7;0
Overhalla - Unnset;SN72650;2022-08-29;0;0
Overhalla - Unnset;SN72650;2022-08-30;0.3;0
Overhalla - Unnset;SN72650;2022-08-31;0.4;0
Overhalla - Unnset;SN72650;2022-09-01;0;0
Overhalla - Unnset;SN72650;2022-09-02;0;0
Overhalla - Unnset;SN72650;2022-09-03;0;0
Overhalla - Unnset;SN72650;2022-09-04;0;0
Overhalla - Unnset;SN72650;2022-09-05;0;0
Overhalla - Unnset;SN72650;2022-09-06;0;0
Overhalla - Unnset;SN72650;2022-09-07;0;0
Overhalla - Unnset;SN72650;2022-09-08;0;0
Overhalla - Unnset;SN72650;2022-09-09;0;0
Overhalla - Unnset;SN72650;2022-09-10;0;0
Overhalla - Unnset;SN72650;2022-09-11;0;0
Overhalla - Unnset;SN72650;2022-09-12;0;0
Overhalla - Unnset;SN72650;2022-09-13;0;0
Overhalla - Unnset;SN72650;2022-09-14;0;0
Overhalla - Unnset;SN72650;2022-09-15;7;0
Overhalla - Unnset;SN72650;2022-09-16;0.3;0
Overhalla - Unnset;SN72650;2022-09-17;0;0
Overhalla - Unnset;SN72650;2022-09-18;0;0
Overhalla - Unnset;SN72650;2022-09-19;3;0
Overhalla - Unnset;SN72650;2022-09-20;8.5;0
Overhalla - Unnset;SN72650;2022-09-21;0;0
Overhalla - Unnset;SN72650;2022-09-22;0;0
Overhalla - Unnset;SN72650;2022-09-23;3.2;0
Overhalla - Unnset;SN72650;2022-09-24;1;0
Overhalla - Unnset;SN72650;2022-09-25;0;0
Overhalla - Unnset;SN72650;2022-09-26;0;0
Overhalla - Unnset;SN72650;2022-09-27;0;0
Overhalla - Unnset;SN72650;2022-09-28;0;0
Overhalla - Unnset;SN72650;2022-09-29;0;0
Overhalla - Unnset;SN72650;2022-09-30;0;0
Overhalla - Unnset;SN72650;2022-10-01;0.1;0
Overhalla - Unnset;SN72650;2022-10-02;0.9;0
Overhalla - Unnset;SN72650;2022-10-03;3.2;0
Overhalla - Unnset;SN72650;2022-10-04;12.2;0
Overhalla - Unnset;SN72650;2022-10-05;18;0
Overhalla - Unnset;SN72650;2022-10-06;6.6;0
Overhalla - Unnset;SN72650;2022-10-07;15;0
Overhalla - Unnset;SN72650;2022-10-08;25;0
Overhalla - Unnset;SN72650;2022-10-09;16.8;0
Overhalla - Unnset;SN72650;2022-10-10;1.9;0
Overhalla - Unnset;SN72650;2022-10-11;0.9;0
Overhalla - Unnset;SN72650;2022-10-12;7.9;0
Overhalla - Unnset;SN72650;2022-10-13;8.2;0
Overhalla - Unnset;SN72650;2022-10-14;0.9;0
Overhalla - Unnset;SN72650;2022-10-15;1.5;0
Overhalla - Unnset;SN72650;2022-10-16;9.5;0
Overhalla - Unnset;SN72650;2022-10-17;0.7;0
Overhalla - Unnset;SN72650;2022-10-18;2.2;0
Overhalla - Unnset;SN72650;2022-10-19;1.7;0
Overhalla - Unnset;SN72650;2022-10-20;7.4;0
Overhalla - Unnset;SN72650;2022-10-21;0.5;0
Overhalla - Unnset;SN72650;2022-10-22;0;0
Overhalla - Unnset;SN72650;2022-10-23;0;0
Overhalla - Unnset;SN72650;2022-10-24;0;0
Overhalla - Unnset;SN72650;2022-10-25;0;0
Overhalla - Unnset;SN72650;2022-10-26;4.8;0
Overhalla - Unnset;SN72650;2022-10-27;4.1;0
Overhalla - Unnset;SN72650;2022-10-28;10.7;0
Overhalla - Unnset;SN72650;2022-10-29;9.2;0
Overhalla - Unnset;SN72650;2022-10-30;7.4;0
Overhalla - Unnset;SN72650;2022-10-31;3.8;0
Overhalla - Unnset;SN72650;2022-11-01;0;0
Overhalla - Unnset;SN72650;2022-11-02;0;0
Overhalla - Unnset;SN72650;2022-11-03;0;0
Overhalla - Unnset;SN72650;2022-11-04;0;0
Overhalla - Unnset;SN72650;2022-11-05;0;0
Overhalla - Unnset;SN72650;2022-11-06;0;0
Overhalla - Unnset;SN72650;2022-11-07;0;0
Overhalla - Unnset;SN72650;2022-11-08;0;0
Overhalla - Unnset;SN72650;2022-11-09;5.1;0
Overhalla - Unnset;SN72650;2022-11-10;16.1;0
Overhalla - Unnset;SN72650;2022-11-11;3.5;0
Overhalla - Unnset;SN72650;2022-11-12;25.6;0
Overhalla - Unnset;SN72650;2022-11-13;5.5;0
Overhalla - Unnset;SN72650;2022-11-14;0.9;0
Overhalla - Unnset;SN72650;2022-11-15;2.3;0
Overhalla - Unnset;SN72650;2022-11-16;0;0
Overhalla - Unnset;SN72650;2022-11-17;0;0
Overhalla - Unnset;SN72650;2022-11-18;0;0
Overhalla - Unnset;SN72650;2022-11-19;0;0
Overhalla - Unnset;SN72650;2022-11-20;0;0
Overhalla - Unnset;SN72650;2022-11-21;0;0
Overhalla - Unnset;SN72650;2022-11-22;0;0
Overhalla - Unnset;SN72650;2022-11-23;0;0
Overhalla - Unnset;SN72650;2022-11-24;0;0
Overhalla - Unnset;SN72650;2022-11-25;0;0
Overhalla - Unnset;SN72650;2022-11-26;0;0
Overhalla - Unnset;SN72650;2022-11-27;0;0
Overhalla - Unnset;SN72650;2022-11-28;0;0
Overhalla - Unnset;SN72650;2022-11-29;0;0
Overhalla - Unnset;SN72650;2022-11-30;0;0
Overhalla - Unnset;SN72650;2022-12-01;0;0
Overhalla - Unnset;SN72650;2022-12-02;0;0
Overhalla - Unnset;SN72650;2022-12-03;0;0
Overhalla - Unnset;SN72650;2022-12-04;0;0
Overhalla - Unnset;SN72650;2022-12-05;0;0
Overhalla - Unnset;SN72650;2022-12-06;6;5
Overhalla - Unnset;SN72650;2022-12-07;15;22
Overhalla - Unnset;SN72650;2022-12-08;14;31
Overhalla - Unnset;SN72650;2022-12-09;2.9;34
Overhalla - Unnset;SN72650;2022-12-10;0;30
Overhalla - Unnset;SN72650;2022-12-11;0;30
Overhalla - Unnset;SN72650;2022-12-12;0;28
Overhalla - Unnset;SN72650;2022-12-13;0;28
Overhalla - Unnset;SN72650;2022-12-14;0;28
Overhalla - Unnset;SN72650;2022-12-15;0;28
Overhalla - Unnset;SN72650;2022-12-16;3.6;33
Overhalla - Unnset;SN72650;2022-12-17;4.2;37
Overhalla - Unnset;SN72650;2022-12-18;4.2;37
Overhalla - Unnset;SN72650;2022-12-19;0;32
Overhalla - Unnset;SN72650;2022-12-20;12.5;47
Overhalla - Unnset;SN72650;2022-12-21;3.5;40
Overhalla - Unnset;SN72650;2022-12-22;2.6;42
Overhalla - Unnset;SN72650;2022-12-23;2.7;46
Overhalla - Unnset;SN72650;2022-12-24;3.2;51
Overhalla - Unnset;SN72650;2022-12-25;1.1;49
Overhalla - Unnset;SN72650;2022-12-26;0;49
Overhalla - Unnset;SN72650;2022-12-27;2.7;39
Overhalla - Unnset;SN72650;2022-12-28;14.5;48
Overhalla - Unnset;SN72650;2022-12-29;0;48
Overhalla - Unnset;SN72650;2022-12-30;1;48
Overhalla - Unnset;SN72650;2022-12-31;1.2;48
Overhalla - Unnset;SN72650;2023-01-01;7;43
Overhalla - Unnset;SN72650;2023-01-02;4.1;45
Overhalla - Unnset;SN72650;2023-01-03;0;45
Overhalla - Unnset;SN72650;2023-01-04;0;45
Overhalla - Unnset;SN72650;2023-01-05;0;45
Overhalla - Unnset;SN72650;2023-01-06;0;45
Overhalla - Unnset;SN72650;2023-01-07;0;45
Overhalla - Unnset;SN72650;2023-01-08;0;45
Overhalla - Unnset;SN72650;2023-01-09;0.9;43
Overhalla - Unnset;SN72650;2023-01-10;5.5;43
Overhalla - Unnset;SN72650;2023-01-11;0;43
Overhalla - Unnset;SN72650;2023-01-12;1.4;43
Overhalla - Unnset;SN72650;2023-01-13;8.5;40
Overhalla - Unnset;SN72650;2023-01-14;0.8;40
Overhalla - Unnset;SN72650;2023-01-15;0;40
Overhalla - Unnset;SN72650;2023-01-16;1.9;41
Overhalla - Unnset;SN72650;2023-01-17;0.6;41
Overhalla - Unnset;SN72650;2023-01-18;0;41
Overhalla - Unnset;SN72650;2023-01-19;2.5;43
Overhalla - Unnset;SN72650;2023-01-20;3;45
Overhalla - Unnset;SN72650;2023-01-21;2.5;47
Overhalla - Unnset;SN72650;2023-01-22;0;46
Overhalla - Unnset;SN72650;2023-01-23;0;45
Overhalla - Unnset;SN72650;2023-01-24;20.5;40
Overhalla - Unnset;SN72650;2023-01-25;22.5;31
Overhalla - Unnset;SN72650;2023-01-26;8.6;16
Overhalla - Unnset;SN72650;2023-01-27;1.1;15
Overhalla - Unnset;SN72650;2023-01-28;5.3;17
Overhalla - Unnset;SN72650;2023-01-29;14.1;28
Overhalla - Unnset;SN72650;2023-01-30;19.2;27
Overhalla - Unnset;SN72650;2023-01-31;3.2;30
Overhalla - Unnset;SN72650;2023-02-01;0;30
Overhalla - Unnset;SN72650;2023-02-02;0.9;31
Overhalla - Unnset;SN72650;2023-02-03;7;36
Overhalla - Unnset;SN72650;2023-02-04;1.9;33
Overhalla - Unnset;SN72650;2023-02-05;0;33
Overhalla - Unnset;SN72650;2023-02-06;2.3;32
Overhalla - Unnset;SN72650;2023-02-07;2.4;33
Overhalla - Unnset;SN72650;2023-02-08;1.6;31
Overhalla - Unnset;SN72650;2023-02-09;2.6;30
Overhalla - Unnset;SN72650;2023-02-10;11.5;30
Overhalla - Unnset;SN72650;2023-02-11;0;30
Overhalla - Unnset;SN72650;2023-02-12;16.2;28
Overhalla - Unnset;SN72650;2023-02-13;40.3;27
Overhalla - Unnset;SN72650;2023-02-14;14.8;25
Overhalla - Unnset;SN72650;2023-02-15;0.2;22
Overhalla - Unnset;SN72650;2023-02-16;0;22
Overhalla - Unnset;SN72650;2023-02-17;0;22
Overhalla - Unnset;SN72650;2023-02-18;0;22
Overhalla - Unnset;SN72650;2023-02-19;18;32
Overhalla - Unnset;SN72650;2023-02-20;6.2;33
Overhalla - Unnset;SN72650;2023-02-21;2.1;35
Overhalla - Unnset;SN72650;2023-02-22;0;35
Overhalla - Unnset;SN72650;2023-02-23;1.1;32
Overhalla - Unnset;SN72650;2023-02-24;4.6;35
Overhalla - Unnset;SN72650;2023-02-25;17.6;45
Overhalla - Unnset;SN72650;2023-02-26;5.9;49
Overhalla - Unnset;SN72650;2023-02-27;3.2;42
Overhalla - Unnset;SN72650;2023-02-28;6.2;37
Overhalla - Unnset;SN72650;2023-03-01;1.3;37
Overhalla - Unnset;SN72650;2023-03-02;5.1;35
Overhalla - Unnset;SN72650;2023-03-03;32.2;30
Overhalla - Unnset;SN72650;2023-03-04;4.5;33
Overhalla - Unnset;SN72650;2023-03-05;7.3;36
Overhalla - Unnset;SN72650;2023-03-06;0;36
Overhalla - Unnset;SN72650;2023-03-07;6.2;39
Overhalla - Unnset;SN72650;2023-03-08;0;39
Overhalla - Unnset;SN72650;2023-03-09;0;39
Overhalla - Unnset;SN72650;2023-03-10;6.4;47
Overhalla - Unnset;SN72650;2023-03-11;5.8;55
Overhalla - Unnset;SN72650;2023-03-12;0;55
Overhalla - Unnset;SN72650;2023-03-13;0.1;55
Overhalla - Unnset;SN72650;2023-03-14;3.4;57
Overhalla - Unnset;SN72650;2023-03-15;3.2;61
Overhalla - Unnset;SN72650;2023-03-16;5.5;67
Overhalla - Unnset;SN72650;2023-03-17;0;69
Overhalla - Unnset;SN72650;2023-03-18;0;65
Overhalla - Unnset;SN72650;2023-03-19;0;60
Overhalla - Unnset;SN72650;2023-03-20;7.2;55
Overhalla - Unnset;SN72650;2023-03-21;9.2;52
Overhalla - Unnset;SN72650;2023-03-22;0;52
Overhalla - Unnset;SN72650;2023-03-23;0.9;52
Overhalla - Unnset;SN72650;2023-03-24;2.1;55
Overhalla - Unnset;SN72650;2023-03-25;0;55
Overhalla - Unnset;SN72650;2023-03-26;0;55
Overhalla - Unnset;SN72650;2023-03-27;0;55
Overhalla - Unnset;SN72650;2023-03-28;0;55
Overhalla - Unnset;SN72650;2023-03-29;0;55
Overhalla - Unnset;SN72650;2023-03-30;0;55
Overhalla - Unnset;SN72650;2023-03-31;0;55
Overhalla - Unnset;SN72650;2023-04-01;0;53
Overhalla - Unnset;SN72650;2023-04-02;0;52
Overhalla - Unnset;SN72650;2023-04-03;0;52
Overhalla - Unnset;SN72650;2023-04-04;9.4;46
Overhalla - Unnset;SN72650;2023-04-05;0;42
Overhalla - Unnset;SN72650;2023-04-06;0;37
Overhalla - Unnset;SN72650;2023-04-07;0;35
Overhalla - Unnset;SN72650;2023-04-08;0;31
Overhalla - Unnset;SN72650;2023-04-09;0;27
Overhalla - Unnset;SN72650;2023-04-10;0;23
Overhalla - Unnset;SN72650;2023-04-11;0;18
Overhalla - Unnset;SN72650;2023-04-12;0;14
Overhalla - Unnset;SN72650;2023-04-13;0;13
Overhalla - Unnset;SN72650;2023-04-14;0;11
Overhalla - Unnset;SN72650;2023-04-15;0;8
Overhalla - Unnset;SN72650;2023-04-16;3.6;6
Overhalla - Unnset;SN72650;2023-04-17;0;4
Overhalla - Unnset;SN72650;2023-04-18;0;3
Overhalla - Unnset;SN72650;2023-04-19;0;3
Overhalla - Unnset;SN72650;2023-04-20;0;1
Overhalla - Unnset;SN72650;2023-04-21;0;0
Overhalla - Unnset;SN72650;2023-04-22;0.6;0
Overhalla - Unnset;SN72650;2023-04-23;0;0
Overhalla - Unnset;SN72650;2023-04-24;0.9;0
Overhalla - Unnset;SN72650;2023-04-25;1.1;0
Overhalla - Unnset;SN72650;2023-04-26;0.7;0
Overhalla - Unnset;SN72650;2023-04-27;2.1;0
Overhalla - Unnset;SN72650;2023-04-28;5.7;0
Overhalla - Unnset;SN72650;2023-04-29;0;0
Overhalla - Unnset;SN72650;2023-04-30;16;0
Overhalla - Unnset;SN72650;2023-05-01;4.5;0
Overhalla - Unnset;SN72650;2023-05-02;0;0
Overhalla - Unnset;SN72650;2023-05-03;0;0
Overhalla - Unnset;SN72650;2023-05-04;0.8;0
Overhalla - Unnset;SN72650;2023-05-05;0.8;0
Overhalla - Unnset;SN72650;2023-05-06;0;0
Overhalla - Unnset;SN72650;2023-05-07;0;0
Overhalla - Unnset;SN72650;2023-05-08;0;0
Overhalla - Unnset;SN72650;2023-05-09;0;0
Overhalla - Unnset;SN72650;2023-05-10;0;0
Overhalla - Unnset;SN72650;2023-05-11;0;0
Overhalla - Unnset;SN72650;2023-05-12;0;0
Overhalla - Unnset;SN72650;2023-05-13;0;0
Overhalla - Unnset;SN72650;2023-05-14;0;0
Overhalla - Unnset;SN72650;2023-05-15;0;0
Overhalla - Unnset;SN72650;2023-05-16;0;0
Overhalla - Unnset;SN72650;2023-05-17;1.1;0
Overhalla - Unnset;SN72650;2023-05-18;8.6;0
Overhalla - Unnset;SN72650;2023-05-19;2.3;0
Overhalla - Unnset;SN72650;2023-05-20;3.1;0
Overhalla - Unnset;SN72650;2023-05-21;0;0
Overhalla - Unnset;SN72650;2023-05-22;0;0
Overhalla - Unnset;SN72650;2023-05-23;0.7;0
Overhalla - Unnset;SN72650;2023-05-24;1.6;0
Overhalla - Unnset;SN72650;2023-05-25;8.5;0
Overhalla - Unnset;SN72650;2023-05-26;16.1;0
Overhalla - Unnset;SN72650;2023-05-27;5.4;0
Overhalla - Unnset;SN72650;2023-05-28;5.9;0
Overhalla - Unnset;SN72650;2023-05-29;11.3;0
Overhalla - Unnset;SN72650;2023-05-30;6.5;0
Overhalla - Unnset;SN72650;2023-05-31;14.7;0
Overhalla - Unnset;SN72650;2023-06-01;6.9;0
Overhalla - Unnset;SN72650;2023-06-02;4;0
Overhalla - Unnset;SN72650;2023-06-03;4.8;0
Overhalla - Unnset;SN72650;2023-06-04;3.5;0
Overhalla - Unnset;SN72650;2023-06-05;1.1;0
Overhalla - Unnset;SN72650;2023-06-06;0;0
Overhalla - Unnset;SN72650;2023-06-07;2.5;0
Overhalla - Unnset;SN72650;2023-06-08;5.1;0
Overhalla - Unnset;SN72650;2023-06-09;0;0
Overhalla - Unnset;SN72650;2023-06-10;0;0
Overhalla - Unnset;SN72650;2023-06-11;0;0
Overhalla - Unnset;SN72650;2023-06-12;2;0
Overhalla - Unnset;SN72650;2023-06-13;0.1;0
Overhalla - Unnset;SN72650;2023-06-14;0;0
Overhalla - Unnset;SN72650;2023-06-15;0;0
Overhalla - Unnset;SN72650;2023-06-16;0;0
Overhalla - Unnset;SN72650;2023-06-17;0;0
Overhalla - Unnset;SN72650;2023-06-18;0;0
Overhalla - Unnset;SN72650;2023-06-19;0;0
Overhalla - Unnset;SN72650;2023-06-20;0;0
Overhalla - Unnset;SN72650;2023-06-21;0;0
Overhalla - Unnset;SN72650;2023-06-22;15.2;0
Overhalla - Unnset;SN72650;2023-06-23;4.3;0
Overhalla - Unnset;SN72650;2023-06-24;1.1;0
Overhalla - Unnset;SN72650;2023-06-25;0;0
Overhalla - Unnset;SN72650;2023-06-26;0;0
Overhalla - Unnset;SN72650;2023-06-27;0;0
Overhalla - Unnset;SN72650;2023-06-28;0;0
Overhalla - Unnset;SN72650;2023-06-29;0;0
Overhalla - Unnset;SN72650;2023-06-30;0.7;0
Overhalla - Unnset;SN72650;2023-07-01;8;0
Overhalla - Unnset;SN72650;2023-07-02;2.3;0
Overhalla - Unnset;SN72650;2023-07-03;5.8;0
Overhalla - Unnset;SN72650;2023-07-04;12.7;0
Overhalla - Unnset;SN72650;2023-07-05;0;0
Overhalla - Unnset;SN72650;2023-07-06;0;0
Overhalla - Unnset;SN72650;2023-07-07;1;0
Overhalla - Unnset;SN72650;2023-07-08;0.4;0
Overhalla - Unnset;SN72650;2023-07-09;0;0
Overhalla - Unnset;SN72650;2023-07-10;0;0
Overhalla - Unnset;SN72650;2023-07-11;0;0
Overhalla - Unnset;SN72650;2023-07-12;0.4;0
Overhalla - Unnset;SN72650;2023-07-13;0;0
Overhalla - Unnset;SN72650;2023-07-14;20.1;0
Overhalla - Unnset;SN72650;2023-07-15;9.4;0
Overhalla - Unnset;SN72650;2023-07-16;0;0
Overhalla - Unnset;SN72650;2023-07-17;3.6;0
Overhalla - Unnset;SN72650;2023-07-18;1.1;0
Overhalla - Unnset;SN72650;2023-07-19;0;0
Overhalla - Unnset;SN72650;2023-07-20;0;0
Overhalla - Unnset;SN72650;2023-07-21;0.3;0
Overhalla - Unnset;SN72650;2023-07-22;9.1;0
Overhalla - Unnset;SN72650;2023-07-23;0;0
Overhalla - Unnset;SN72650;2023-07-24;0;0
Overhalla - Unnset;SN72650;2023-07-25;0;0
Overhalla - Unnset;SN72650;2023-07-26;0.7;0
Overhalla - Unnset;SN72650;2023-07-27;0;0
Overhalla - Unnset;SN72650;2023-07-28;0;0
Overhalla - Unnset;SN72650;2023-07-29;0;0
Overhalla - Unnset;SN72650;2023-07-30;0.7;0
Overhalla - Unnset;SN72650;2023-07-31;0;0
Overhalla - Unnset;SN72650;2023-08-01;0.6;0
Overhalla - Unnset;SN72650;2023-08-02;0;0
Overhalla - Unnset;SN72650;2023-08-03;2.9;0
Overhalla - Unnset;SN72650;2023-08-04;0;0
Overhalla - Unnset;SN72650;2023-08-05;0;0
Overhalla - Unnset;SN72650;2023-08-06;0.5;0
Overhalla - Unnset;SN72650;2023-08-07;4.8;0
Overhalla - Unnset;SN72650;2023-08-08;33.9;0
Overhalla - Unnset;SN72650;2023-08-09;4.7;0
Overhalla - Unnset;SN72650;2023-08-10;0;0
Overhalla - Unnset;SN72650;2023-08-11;0.2;0
Overhalla - Unnset;SN72650;2023-08-12;0.7;0
Overhalla - Unnset;SN72650;2023-08-13;4.8;0
Overhalla - Unnset;SN72650;2023-08-14;0;0
Overhalla - Unnset;SN72650;2023-08-15;7.2;0
Overhalla - Unnset;SN72650;2023-08-16;3.8;0
Overhalla - Unnset;SN72650;2023-08-17;1.4;0
Overhalla - Unnset;SN72650;2023-08-18;0;0
Overhalla - Unnset;SN72650;2023-08-19;0.2;0
Overhalla - Unnset;SN72650;2023-08-20;0;0
Overhalla - Unnset;SN72650;2023-08-21;10;0
Overhalla - Unnset;SN72650;2023-08-22;0.2;0
Overhalla - Unnset;SN72650;2023-08-23;0.2;0
Overhalla - Unnset;SN72650;2023-08-24;0;0
Overhalla - Unnset;SN72650;2023-08-25;0;0
Overhalla - Unnset;SN72650;2023-08-26;0;0
Overhalla - Unnset;SN72650;2023-08-27;0;0
Overhalla - Unnset;SN72650;2023-08-28;0;0
Overhalla - Unnset;SN72650;2023-08-29;1.7;0
Overhalla - Unnset;SN72650;2023-08-30;0.3;0
Overhalla - Unnset;SN72650;2023-08-31;0.2;0
Overhalla - Unnset;SN72650;2023-09-01;0;0
Overhalla - Unnset;SN72650;2023-09-02;1.3;0
Overhalla - Unnset;SN72650;2023-09-03;0;0
Overhalla - Unnset;SN72650;2023-09-04;12.2;0
Overhalla - Unnset;SN72650;2023-09-05;15.3;0
Overhalla - Unnset;SN72650;2023-09-06;6.9;0
Overhalla - Unnset;SN72650;2023-09-07;0;0
Overhalla - Unnset;SN72650;2023-09-08;0;0
Overhalla - Unnset;SN72650;2023-09-09;2.7;0
Overhalla - Unnset;SN72650;2023-09-10;6.2;0
Overhalla - Unnset;SN72650;2023-09-11;2.2;0
Overhalla - Unnset;SN72650;2023-09-12;5.8;0
Overhalla - Unnset;SN72650;2023-09-13;6.9;0
Overhalla - Unnset;SN72650;2023-09-14;0.2;0
Overhalla - Unnset;SN72650;2023-09-15;0.2;0
Overhalla - Unnset;SN72650;2023-09-16;2.2;0
Overhalla - Unnset;SN72650;2023-09-17;1.8;0
Overhalla - Unnset;SN72650;2023-09-18;0.2;0
Overhalla - Unnset;SN72650;2023-09-19;0;0
Overhalla - Unnset;SN72650;2023-09-20;18.2;0
Overhalla - Unnset;SN72650;2023-09-21;7.2;0
Overhalla - Unnset;SN72650;2023-09-22;5.2;0
Overhalla - Unnset;SN72650;2023-09-23;0;0
Overhalla - Unnset;SN72650;2023-09-24;0;0
Overhalla - Unnset;SN72650;2023-09-25;0;0
Overhalla - Unnset;SN72650;2023-09-26;37.6;0
Overhalla - Unnset;SN72650;2023-09-27;2.1;0
Overhalla - Unnset;SN72650;2023-09-28;0;0
Overhalla - Unnset;SN72650;2023-09-29;0;0
Overhalla - Unnset;SN72650;2023-09-30;0;0
Overhalla - Unnset;SN72650;2023-10-01;20.5;0
Overhalla - Unnset;SN72650;2023-10-02;0;0
Overhalla - Unnset;SN72650;2023-10-03;5.3;0
Overhalla - Unnset;SN72650;2023-10-04;3.2;0
Overhalla - Unnset;SN72650;2023-10-05;3.5;0
Overhalla - Unnset;SN72650;2023-10-06;4.4;0
Overhalla - Unnset;SN72650;2023-10-07;5.2;0
Overhalla - Unnset;SN72650;2023-10-08;10.2;0
Overhalla - Unnset;SN72650;2023-10-09;18.7;0
Overhalla - Unnset;SN72650;2023-10-10;17.9;0
Overhalla - Unnset;SN72650;2023-10-11;12.8;0
Overhalla - Unnset;SN72650;2023-10-12;6.8;0
Overhalla - Unnset;SN72650;2023-10-13;12.7;0
Overhalla - Unnset;SN72650;2023-10-14;10.4;0
Overhalla - Unnset;SN72650;2023-10-15;12.9;0
Overhalla - Unnset;SN72650;2023-10-16;12.6;0
Overhalla - Unnset;SN72650;2023-10-17;8.3;0
Overhalla - Unnset;SN72650;2023-10-18;9.3;0
Overhalla - Unnset;SN72650;2023-10-19;0;0
