Date;2021-09-13;2021-09-13;2021-09-13;2021-09-13;2021-09-13;2021-09-13;2021-09-13;2021-09-13;2021-09-13;2021-09-13;2021-09-13;2021-09-13;2021-09-13;2021-09-13;2021-09-13;2021-09-13;2021-09-13;2021-09-13;2021-09-13;2021-09-13;2021-09-13;2021-09-13;2021-09-13;2021-09-13;2021-09-13;2021-09-13;2021-09-13;2021-09-13;2021-09-13;2021-09-13;2021-09-13;2021-09-13;2021-09-13;2021-09-13;2021-09-13;2021-09-13;2021-09-13;2021-09-13;2021-09-13;2021-09-13;2021-09-13;2021-09-13;2021-09-13;2021-09-13;2021-09-13;2021-09-13;2021-09-13;2021-09-13;2021-09-15;2021-09-15;2021-09-15;2021-09-15;2021-09-15;2021-09-15;2021-09-15;2021-09-15;2021-09-15;2021-09-15;2021-09-15;2021-09-15;2021-09-15;2021-09-15;2021-09-15;2021-09-15;2021-09-15;2021-09-15;2021-09-15;2021-09-15;2021-09-15;2021-09-15;2021-09-15;2021-09-15;2021-09-15;2021-09-15;2021-09-15;2021-09-15;2021-09-15;2021-09-15;2021-09-15;2021-09-15;2020-06-09;2020-06-09;2020-06-09;2020-06-09;2020-06-09;2020-06-09;2020-06-09;2020-06-09;2020-06-09;2020-06-09;2020-06-09;2020-06-09;2020-06-09;2020-06-09;2020-06-09;2020-06-09;2020-06-09;2020-06-09;2020-06-09;2020-06-09;2020-06-09;2020-06-09;2020-06-09;2020-06-09;2020-06-10;2020-06-10;2020-06-10;2020-06-10;2020-06-10;2020-06-10;2020-06-10;2020-06-10;2020-06-10;2020-06-10;2020-06-10;2020-06-10;2020-06-10;2020-06-10;2020-06-10;2020-06-10;2020-06-11;2020-06-11;2020-06-11;2020-06-11;2020-06-11;2020-06-11;2020-06-11;2020-06-11;2020-06-11;2020-06-11;2020-06-11;2020-06-11;2020-06-11;2020-06-11;2020-06-11;2020-06-11;2020-06-11;2020-06-11;2020-06-11;2020-06-11;2020-06-11;2020-06-11;2020-06-11;2020-06-11;2020-06-11;2020-06-11;2020-06-11;2020-06-11;2020-06-11;2020-06-11;2020-06-11;2020-06-11;2021-06-08;2021-06-08;2021-06-08;2021-06-08;2021-06-08;2021-06-08;2021-06-08;2021-06-08;2021-06-08;2021-06-08;2021-06-08;2021-06-08;2021-06-08;2021-06-08;2021-06-08;2021-06-08;2021-06-08;2021-06-08;2021-06-08;2021-06-08;2021-06-08;2021-06-08;2021-06-08;2021-06-08;2021-06-08;2021-06-08;2021-06-08;2021-06-08;2021-06-08;2021-06-08;2021-06-08;2021-06-08;2021-06-08;2021-06-08;2021-06-08;2021-06-08;2021-06-08;2021-06-08;2021-06-08;2021-06-08;2021-06-08;2021-06-08;2021-06-08;2021-06-08;2021-06-08;2021-06-08;2021-06-08;2021-06-08;2022-09-20;2022-09-20;2022-09-20;2022-09-20;2022-09-20;2022-09-20;2022-09-20;2022-09-20;2022-09-20;2022-09-20;2022-09-20;2022-09-20;2022-09-20;2022-09-20;2022-09-20;2022-09-20;2022-09-20;2022-09-20;2022-09-20;2022-09-20;2022-09-20;2022-09-20;2022-09-20;2022-09-20;2022-09-20;2022-09-20;2022-09-20;2022-09-20;2022-09-20;2022-09-20;2022-09-20;2022-09-20;2022-09-15;2022-09-15;2022-09-15;2022-09-15;2022-09-15;2022-09-15;2022-09-15;2022-09-15;2022-09-15;2022-09-15;2022-09-15;2022-09-15;2022-09-15;2022-09-15;2022-09-15;2022-09-15;2022-09-15;2022-09-15;2022-09-15;2022-09-15;2022-09-15;2022-09-15;2022-09-15;2022-09-15;2022-09-15;2022-09-15;2022-09-15;2022-09-15;2022-09-15;2022-09-15;2022-09-15;2022-09-15;2022-09-15;2022-09-15;2022-09-15;2022-09-15;2022-09-15;2022-09-15;2022-09-15;2022-09-15;2022-09-15;2022-09-15;2022-09-15;2022-09-15;2022-09-15;2022-09-15;2022-09-15;2022-09-15;2022-09-14;2022-09-14;2022-09-14;2022-09-14;2022-09-14;2022-09-14;2022-09-14;2022-09-14;2022-09-14;2022-09-14;2022-09-14;2022-09-14;2022-09-14;2022-09-14;2022-09-14;2022-09-14;2022-09-14;2022-09-14;2022-09-14;2022-09-14;2022-09-14;2022-09-14;2022-09-14;2022-09-14;2022-09-14;2022-09-14;2022-09-14;2022-09-14;2022-09-14;2022-09-14;2022-09-14;2022-09-14;2022-09-14;2022-09-14;2022-09-14;2022-09-14;2022-09-14;2022-09-14;2022-09-14;2022-09-14;2022-09-14;2022-09-14;2022-09-14;2022-09-14;2022-09-14;2022-09-14;2022-09-14;2022-09-14;2023-09-07;2023-09-07;2023-09-07;2023-09-07;2023-09-07;2023-09-07;2023-09-07;2023-09-07;2023-09-07;2023-09-07;2023-09-07;2023-09-07;2023-09-07;2023-09-07;2023-09-07;2023-09-07;2023-09-07;2023-09-07;2023-09-07;2023-09-07;2023-09-07;2023-09-07;2023-09-07;2023-09-07;2023-09-07;2023-09-07;2023-09-07;2023-09-07;2023-09-07;2023-09-07;2023-09-07;2023-09-07;2023-09-07;2023-09-07;2023-09-07;2023-09-07;2023-09-07;2023-09-07;2023-09-07;2023-09-07;2023-09-07;2023-09-07;2023-09-07;2023-09-07;2023-09-07;2023-09-07;2023-09-07;2023-09-07;2023-09-07;2023-09-07;2023-09-07;2023-09-07;2023-09-07;2023-09-07;2023-09-07;2023-09-07;2023-09-07;2023-09-07;2023-09-13;2023-09-13;2023-09-13;2023-09-13;2023-09-13;2023-09-13;2023-09-13;2023-09-13;2023-09-13;2023-09-13;2023-09-05;2023-09-05;2023-09-05;2023-09-05;2023-09-05;2023-09-05;2023-09-05;2023-09-05;2023-09-05;2023-09-05
Localition;HM;HM;HM;HM;HM;HM;HM;HM;HM;HM;HM;HM;HM;HM;HM;HM;HM;HM;HM;HM;HM;HM;HM;HM;HM;HM;HM;HM;HM;HM;HM;HM;HM;HM;HM;HM;HM;HM;HM;HM;HM;HM;HM;HM;HM;HM;HM;HM;VSM;VSM;VSM;VSM;VSM;VSM;VSM;VSM;VSM;VSM;VSM;VSM;VSM;VSM;VSM;VSM;VSM;VSM;VSM;VSM;VSM;VSM;VSM;VSM;VSM;VSM;VSM;VSM;VSM;VSM;VSM;VSM;HM;HM;HM;HM;HM;HM;HM;HM;HM;HM;HM;HM;HM;HM;HM;HM;HM;HM;HM;HM;HM;HM;HM;HM;HM;HM;HM;HM;HM;HM;HM;HM;HM;HM;HM;HM;HM;HM;HM;HM;VSM;VSM;VSM;VSM;VSM;VSM;VSM;VSM;VSM;VSM;VSM;VSM;VSM;VSM;VSM;VSM;VSM;VSM;VSM;VSM;VSM;VSM;VSM;VSM;VSM;VSM;VSM;VSM;VSM;VSM;VSM;VSM;BSM;BSM;BSM;BSM;BSM;BSM;BSM;BSM;BSM;BSM;BSM;BSM;BSM;BSM;BSM;BSM;BSM;BSM;BSM;BSM;BSM;BSM;BSM;BSM;BSM;BSM;BSM;BSM;BSM;BSM;BSM;BSM;BSM;BSM;BSM;BSM;BSM;BSM;BSM;BSM;BSM;BSM;BSM;BSM;BSM;BSM;BSM;BSM;VSM;VSM;VSM;VSM;VSM;VSM;VSM;VSM;VSM;VSM;VSM;VSM;VSM;VSM;VSM;VSM;VSM;VSM;VSM;VSM;VSM;VSM;VSM;VSM;VSM;VSM;VSM;VSM;VSM;VSM;VSM;VSM;HM;HM;HM;HM;HM;HM;HM;HM;HM;HM;HM;HM;HM;HM;HM;HM;HM;HM;HM;HM;HM;HM;HM;HM;HM;HM;HM;HM;HM;HM;HM;HM;HM;HM;HM;HM;HM;HM;HM;HM;HM;HM;HM;HM;HM;HM;HM;HM;BSM;BSM;BSM;BSM;BSM;BSM;BSM;BSM;BSM;BSM;BSM;BSM;BSM;BSM;BSM;BSM;BSM;BSM;BSM;BSM;BSM;BSM;BSM;BSM;BSM;BSM;BSM;BSM;BSM;BSM;BSM;BSM;BSM;BSM;BSM;BSM;BSM;BSM;BSM;BSM;BSM;BSM;BSM;BSM;BSM;BSM;BSM;BSM;BSM;BSM;BSM;BSM;BSM;BSM;BSM;BSM;BSM;BSM;BSM;BSM;BSM;BSM;BSM;BSM;BSM;BSM;BSM;BSM;BSM;BSM;BSM;BSM;BSM;BSM;BSM;BSM;BSM;BSM;BSM;BSM;BSM;BSM;BSM;BSM;BSM;BSM;BSM;BSM;BSM;BSM;BSM;BSM;BSM;BSM;BSM;BSM;BSM;BSM;BSM;BSM;BSM;BSM;BSM;BSM;BSM;BSM;HM;HM;HM;HM;HM;HM;HM;HM;HM;HM;VSM;VSM;VSM;VSM;VSM;VSM;VSM;VSM;VSM;VSM
Sublocation;1;1;1;1;1;1;1;1;1;1;1;1;1;1;1;1;2;2;2;2;2;2;2;2;2;2;2;2;2;2;2;2;3;3;3;3;3;3;3;3;3;3;3;3;3;3;3;3;1;1;1;1;1;1;1;1;1;1;1;1;1;1;1;1;2;2;2;2;2;2;2;2;2;2;2;2;2;2;2;2;1;1;1;1;1;1;1;1;1;1;1;1;2;2;2;2;2;2;2;2;2;2;2;2;3;3;3;3;3;3;3;3;3;3;3;3;3;3;3;3;1;1;1;1;1;1;1;1;1;1;1;1;1;1;1;1;2;2;2;2;2;2;2;2;2;2;2;2;2;2;2;2;1;1;1;1;1;1;1;1;1;1;1;1;1;1;1;1;2;2;2;2;2;2;2;2;2;2;2;2;2;2;2;2;3;3;3;3;3;3;3;3;3;3;3;3;3;3;3;3;1;1;1;1;1;1;1;1;1;1;1;1;1;1;1;1;2;2;2;2;2;2;2;2;2;2;2;2;2;2;2;2;1;1;1;1;1;1;1;1;1;1;1;1;1;1;1;1;2;2;2;2;2;2;2;2;2;2;2;2;2;2;2;2;3;3;3;3;3;3;3;3;3;3;3;3;3;3;3;3;1;1;1;1;1;1;1;1;1;1;1;1;1;1;1;1;2;2;2;2;2;2;2;2;2;2;2;2;2;2;2;2;3;3;3;3;3;3;3;3;3;3;3;3;3;3;3;3;2;2;2;2;2;2;2;2;1;1;1;1;1;1;1;1;1;1;1;1;1;1;1;1;3;3;3;3;3;3;3;3;3;3;3;3;3;3;3;3;2;2;2;2;2;2;2;2;Ref1;Ref1;Ref1;Ref1;Ref1;Ref2;Ref2;Ref2;Ref2;Ref2;Ref1;Ref1;Ref1;Ref1;Ref1;Ref2;Ref2;Ref2;Ref2;Ref2;Ref1;Ref1;Ref1;Ref1;Ref1;Ref2;Ref2;Ref2;Ref2;Ref2
Block;1;1;1;1;2;2;2;2;3;3;3;3;4;4;4;4;1;1;1;1;2;2;2;2;3;3;3;3;4;4;4;4;1;1;1;1;2;2;2;2;3;3;3;3;4;4;4;4;2;2;2;2;1;1;1;1;3;3;3;3;4;4;4;4;1;1;1;1;2;2;2;2;3;3;3;3;4;4;4;4;1;1;1;2;2;2;3;3;3;4;4;4;1;1;1;2;2;2;3;3;3;4;4;4;1;1;1;1;2;2;2;2;3;3;3;3;4;4;4;4;1;1;1;1;2;2;2;2;3;3;3;3;4;4;4;4;1;1;1;1;2;2;2;2;3;3;3;3;4;4;4;4;1;1;1;1;2;2;2;2;3;3;3;3;4;4;4;4;1;1;1;1;2;2;2;2;3;3;3;3;4;4;4;4;1;1;1;1;2;2;2;2;3;3;3;3;4;4;4;4;1;1;1;1;2;2;2;2;3;3;3;3;4;4;4;4;1;1;1;1;2;2;2;2;3;3;3;3;4;4;4;4;1;1;1;1;2;2;2;2;3;3;3;3;4;4;4;4;1;1;1;1;2;2;2;2;3;3;3;3;4;4;4;4;1;1;1;1;2;2;2;2;3;3;3;3;4;4;4;4;1;1;1;1;2;2;2;2;3;3;3;3;4;4;4;4;1;1;1;1;2;2;2;2;3;3;3;3;4;4;4;4;1;1;1;1;2;2;2;2;3;3;3;3;4;4;4;4;3;3;3;3;2;2;2;2;4;4;4;4;3;3;3;3;2;2;2;2;1;1;1;1;4;4;4;4;3;3;3;3;2;2;2;2;1;1;1;1;4;4;4;4;1;1;1;1;1;2;4;5;3;1;2;3;4;5;1;2;3;4;5;1;2;3;4;5;1;2;3;4;5;1;2;3;4;5
Registered_by;;;;;;;;;;;;;;;;;;;;;;;;;;;;;;;;;;;;;;;;;;;;;;;;;;;;;;;;;;;;;;;;;;;;;;;;;;;;;;;;;;;;;;;;;;;;;;;;;;;;;;;;;;;;;;;;;;;;;;;;;;;;;;;;;;;;;;;;;;;;;;;;;;;;;;;;;"MF; LIL";"MF; LIL";"MF; LIL";"MF; LIL";"MF; LIL";"MF; LIL";"MF; LIL";"MF; LIL";"MF; LIL";"MF; LIL";"MF; LIL";"MF; LIL";"MF; LIL";"MF; LIL";"MF; LIL";"MF; LIL";"MF; LIL";"MF; LIL";"MF; LIL";"MF; LIL";"MF; LIL";"MF; LIL";"MF; LIL";"MF; LIL";"MF; LIL";"MF; LIL";"MF; LIL";"MF; LIL";"MF; LIL";"MF; LIL";"MF; LIL";"MF; LIL";"LML; MOK";"LML; MOK";"LML; MOK";"LML; MOK";"LML; MOK";"LML; MOK";"LML; MOK";"LML; MOK";"LML; MOK";"LML; MOK";"LML; MOK";"LML; MOK";"LML; MOK";"LML; MOK";"LML; MOK";"LML; MOK";MOK;MOK;MOK;MOK;MOK;MOK;MOK;MOK;MOK;MOK;MOK;MOK;MOK;MOK;MOK;MOK;MOK;MOK;MOK;MOK;MOK;MOK;MOK;MOK;MOK;MOK;MOK;MOK;MOK;MOK;MOK;MOK;MOK;MOK;MOK;MOK;MOK;MOK;MOK;MOK;MOK;MOK;MOK;MOK;MOK;MOK;MOK;MOK;MOK;MOK;MOK;MOK;MOK;MOK;MOK;MOK;MOK;MOK;MOK;MOK;MOK;MOK;MOK;MOK;MOK;MOK;MOK;MOK;MOK;MOK;MOK;MOK;MOK;MOK;MOK;MOK;MOK;MOK;MOK;MOK;MOK;MOK;MOK;MOK;MOK;MOK;MOK;MOK;MOK;MOK;MOK;MOK;MOK;MOK;MOK;MOK;MOK;MOK;MOK;MOK;MOK;MOK;MOK;MOK;MOK;MOK;MOK;MOK;MOK;MOK;MOK;MOK;MOK;MOK;MOK;MOK;MOK;MOK;MOK;MOK;MOK;MOK;MOK;MOK;MOK;MOK;MOK;MOK;MF;MF;FB, ACM;FB, ACM;MF;MF;FB, ACM;FB, ACM;MF;MF;FB, ACM;FB, ACM;MF;MF;FB, ACM;FB, ACM;MF;MF;FB, ACM;FB, ACM;MF;MF;FB, ACM;FB, ACM;MF;MF;FB, ACM;FB, ACM;MF;MF;FB, ACM;FB, ACM;MF;MF;FB, ACM;FB, ACM;MF;MF;FB, ACM;FB, ACM;MF;MF;FB, ACM;FB, ACM;FB, ACM, MOK;FB, ACM;FB, ACM;FB, ACM;MF, MOK;FB, ACM;MF, MOK;MF, MOK;FB, ACM;MF, MOK;MF, MOK;MF, MOK;MF, MOK;MF, MOK;MOK;MOK;MOK;MOK;MOK;MF, MOK;MF, MOK;MF, MOK;MF, MOK;MF, MOK;MF, MOK;MF, MOK;MF, MOK;MF, MOK;MF, MOK;MF, MOK;MF, MOK;MF, MOK;MF, MOK;MF, MOK
Treatment;C;M;S1;S2;C;M;S1;S2;C;M;S1;S2;C;M;S1;S2;C;M;S1;S2;C;M;S1;S2;C;M;S1;S2;C;M;S1;S2;C;M;S1;S2;C;M;S1;S2;C;M;S1;S2;C;M;S1;S2;C;M;S1;S2;C;M;S1;S2;C;M;S1;S2;C;M;S1;S2;C;M;S1;S2;C;M;S1;S2;C;M;S1;S2;C;M;S1;S2;C;M;S1;C;M;S1;C;M;S1;C;M;S1;C;M;S1;C;M;S1;C;M;S1;C;M;S1;C;M;S1;S2;C;M;S1;S2;C;M;S1;S2;C;M;S1;S2;C;M;S1;S2;C;M;S1;S2;C;M;S1;S2;C;M;S1;S2;C;M;S1;S2;C;M;S1;S2;C;M;S1;S2;C;M;S1;S2;C;M;S1;S2;C;M;S1;S2;C;M;S1;S2;C;M;S1;S2;C;M;S1;S2;C;M;S1;S2;C;M;S1;S2;C;M;S1;S2;C;M;S1;S2;C;M;S1;S2;C;M;S1;S2;C;M;S1;S2;C;M;S1;S2;C;M;S1;S2;C;M;S1;S2;C;M;S1;S2;C;M;S1;S2;C;M;S1;S2;C;M;S1;S2;C;M;S1;S2;C;M;S1;S2;C;M;S1;S2;C;M;S1;S2;C;M;S1;S2;C;M;S1;S2;C;M;S1;S2;C;M;S1;S2;C;M;S1;S2;C;M;S1;S2;C;M;S1;S2;C;M;S1;S2;C;M;S1;S2;C;M;S1;S2;C;M;S1;S2;C;M;S1;S2;C;M;S1;S2;C;M;S1;S2;C;M;S1;S2;C;M;S1;S2;C;M;S1;S2;C;M;S1;S2;C;M;S1;S2;C;M;S1;S2;C;M;S1;S2;C;M;S1;S2;C;M;S1;S2;C;M;S1;S2;C;M;S1;S2;C;M;S1;S2;C;M;S1;S2;C;M;S1;S2;C;M;S1;S2;C;M;S1;S2;C;M;S1;S2;C;M;S1;S2;C;M;S1;S2;;;;;;;;;;;;;;;;;;;;;;;;;;;;;;
Roughness;;;;;;;;;;;;;;;;;;;;;;;;;;;;;;;;;;;;;;;;;;;;;;;;;;;;;;;;;;;;;;;;;;;;;;;;;;;;;;;;;3;4;2;3;1;2;2;4;3;2;4;5;4;4;3;3;4;4;3;4;3;3;3;2;5;4;2;2;2;4;2;3;2;3;1;2;2;2;1;2;3;3;3;3;4;3;3;3;2;3;3;3;3;3;3;2;3;4;1;4;5;3;3;3;1;2;4;1;1;1;1;6;4;3;2;5;3;4;6;3;5;4;3;3;3;3;2;4;2;2;2;;2;2;3;1;1;1;2;2;2;2;2;2;2;2;3;3;3;3;3;2;2;2;2;2;3;2;2;2;;;;;;;;;;;;;;;;;;;;;;;;;;;;;;;;;;;;;;;;;;;;;;;;;;;;;;;;;;;;;;;;;;;;;;;;;;;;;;;;;;;;;;;;;;;;;;;;;;;;;;;;;;;;;;;;;;;;;;;;;;;;;;;;;;;;;;;;;;;;;;;;;;;;;;;;;;;;;;;;;;;;;;;;;;;;;;;;;;;;;;2;2;1;2;2;3;2;3;3;2;2;2;1;1;1;4;4;3;2;2;2;2;2;2;2
Slope;;;;;;;;;;;;;;;;;;;;;;;;;;;;;;;;;;;;;;;;;;;;;;;;;;;;;;;;;;;;;;;;;;;;;;;;;;;;;;;;;2;1;1;1;1;3;1;1;1;2;1;1;1;2;2;1;1;1;1;2;2;1;1;2;1;1;3;1;2;1;1;3;2;1;1;1;3;3;2;2;1;1;1;1;1;1;1;1;1;1;1;1;1;1;1;1;1;1;1;1;1;1;1;1;1;1;1;1;1;1;1;1;2;2;2;2;1;1;1;1;3;2;1;1;1;2;1;1;1;2;1;;1;2;1;1;1;1;1;1;2;2;1;1;1;2;1;2;2;2;3;1;1;2;2;1;2;2;1;1;;;;;;;;;;;;;;;;;;;;;;;;;;;;;;;;;;;;;;;;;;;;;;;;;;;;;;;;;;;;;;;;;;;;;;;;;;;;;;;;;;;;;;;;;;;;;;;;;;;;;;;;;;;;;;;;;;;;;;;;;;;;;;;;;;;;;;;;;;;;;;;;;;;;;;;;;;;;;;;;;;;;;;;;;;;;;;;;;1;;1;1;;1;1;2;1;1;2;2;1;2;2;1;1;2;1;1;1;1;1;2;1;4;4;3;1;3
Sphagnum;<1;;35;30;;<1;40;70;1;;35;25;;;30;30;;<1;90;80;;1;60;85;1;;85;85;<1;10;80;45;;2;40;25;;;30;30;;;25;30;2;1;45;35;<1;<1;12;10;<1;1;10;15;1;<1;10;7;1;1;12;8;10;5;45;30;2;;20;25;2;7;10;45;1;5;10;12;;;;;;;;;1;;;;;;;;;;<1;;;;<1;<1;;<1;;;<1;<1;;;   ;;;;;;;<1;<1;<1;<1;<1;<1;<1;<1;<1;<1;1;1;1;<1;<1;1;1;3;1;8;1;<1;;;<1;<1;1;;1;1;5;1;<1;0;0;0;0;0;0;0;0;0;0;1;0;0;0;0;0;0;0;0;0;0;0;<1;0;0;<1;0;0;0;0;0;0;0;2;0;<1;0;0;<1;<1;0;<1;<1;<1;0;0;0;0;<1;3;40;35;<1;1;15;10;1;1;45;20;1;1;35;30;9;3;55;75;3;;50;;7;10;25;85;<1;7;10;30;;;75;65;;<1;75;95;<1;;35;30;;;20;50;;<1;95;85;;1;80;95;<1;<1;90;90;;30;95;70;<1;2;70;60;;;60;60;;1;20;35;2;<1;55;50;;<1;45;70;;;25;50;;<1;70;55;<1;1;35;40;<1;<1;75;55;<1;2;70;60;5;;55;65;<1;<1;65;70;;10;60;70;1;4;50;60;2;1;50;50;4;3;50;50;1;10;97;94;<1;3;97;98;<1;3;83;91;;1;76;77;;;75;81;<1;<1;90;85;5;;87;93;10;15;92;95;7;20;76;75;2;25;92;97;13;8;97;95;1;2;83;85;75;98;60;35;15;85;95;100;60;80;95;30;65;90;90;90;97;60;40;90;40;95;98;100;100;75;10;35;65;55
Dead_sph;;;;;;;;;;;;;;;;;;;;;;;;;;;;;;;;;;;;;;;;;;;;;;;;;;;;;;;10;10;;;2;2;;;;4;;;;;;;;;;;5;1;;;2;2;;;;;;;;;;;;;;;;;;;;;;;;;;;;;4;<1;2;1;;;;;;;;1;1;<1;<1;<1;;;;;;;;;;1;;1;;;;;;;10;;<1;<1;;;;;;;;;;;;;;;;;;;20;15;5;5;2;;;;;;;3;2;1;5;3;35;1;1;5;5;5;2;5;2;10;2;4;10;15;5;10;5;10;10;0;;;<1;2;;;;;;;;;;;;;;;;;<1;;;45;;;;;;;;;;;;;;;;;;;;;;;;;;;;;;;;;;;;;;;;;;;;;;;;;;;;;;;;;3;;;;;1;6;;;<1;<1;;<1;;;;;;;;;;;;15;;;;;;;;;;;;;;;;;;1;;;;;;;;;1;;;;1;;2;;;;;;;;4;12;;5;;;;;;2;2;;;2;3;;;;;;;;2;17;;;2;;1;2;;;;;;;;;;;;1;;1;;;;;;;;0;0;0;0;0;1;0;0;0;0
Polytrichum;;;;5;<1;<1;<1;;<1;3;;<1;;;;<1;<1;;;;<1;;;;1;;<1;;;;<1;<1;<1;<1;<1;<1;;1;<1;<1;;;;2;<1;;<1;1;1;1;;;1;;;;2;;4;2;<1;1;4;5;2;5;;1;5;3;4;12;1;;10;1;<1;3;1;2;;;;;;<1;;<1;;;;;;;;;;<1;<1;;;<1;;<1;;;;<1;<1;<1;;;;<1;;<1;;2;<1;<1;;<1;;;<1;;2;<1;1;<1;<1;1;<1;<1;<1;;2;2;;<1;2;1;1;1;1;;4;<1;;3;2;3;0;0;0;0;0;0;0;0;0;0;0;0;0;0;0;0;0;0;0;<1;0;0;0;0;0;0;0;0;0;0;0;0;0;0;0;<1;0;1;<1;1;0;0;<1;0;0;<1;<1;0;3;<1;2;<1;2;5;2;<1;25;6;35;30;4;10;25;40;2;5;<1;2;5;6;6;10;<1;<1;25;2;<1;3;1;6;;;<1;8;<1;2;<1;<1;<1;6;<1;1;;;<1;1;2;;;;1;;<1;;<1;;;<1;;<1;<1;<1;2;1;<1;<1;;2;;<1;;<1;2;1;<1;<1;<1;<1;;<1;;<1;;;;<1;<1;;<1;<1;;;<1;<1;;<1;1;<1;<1;;1;<1;;;;;<1;<1;<1;;;<1;<1;<1;<1;1;4;;<1;3;<1;<1;;1;<1;<1;;;2;;;;3;<1;;;<1;<1;;;<1;;;;;;;<1;;2;;8;<1;;<1;<1;1;<1;;6;8;;;1;<1;;;;<1;<1;;1;3;<1;;;;;;;;;0;;;<1;;;;;;;;;1;0;0;0;0;0;1;0;0;0
Racomitrium;;;;;;;;;;;;;;;;;;;;;;;;;;;;;;;;;;;;;;;;;;;;;;;;;;;;;;;;;;;;;;;;<1;;;;;;;;;;;;<1;;;;;;;;;;;;;;;;;;;;;;;;;;;;;;;;;;;;;;;;;;;;;;;;;;;;;;;;;;;;;;;;;;;;;;;;;;;;;0;0;0;0;0;0;0;0;0;0;0;0;0;0;0;0;0;0;0;0;0;0;0;0;0;0;0;0;0;0;0;0;0;0;0;0;0;0;0;0;0;0;0;0;0;0;0;0;;;;;;;;;;;;;;;;;;;;;;;;;;;;;;;;;;;;;;;;;;;;;;;;;;;;;;;;;;;;;;;;;;;;;;;;;;;;;;;;;;;;;;;;;;;;;;;;;;;;;;;;;;;;;;;;;;;;;;;;;;;;;;;;;;;;<1;;;;;;;;;;;;;;;;;;;;;;;;;;;;;;;;;;;;;;;;;;1;;;;;;;;;;;0;;;;;;;;;;;;0;0;0;0;0;0;0;0;0;0
Other_mosses;;25;1;2;2;;1;2;4;25;6;7;;2;2;2;;1;;<1;;;1;<1;1;2;<1;1;;1;<1;<1;<1;;<1;<1;;<1;<1;1;;<1;1;<1;;1;1;4;2;1;3;<1;<1;5;2;2;1;10;10;6;20;20;8;15;40;6;2;12;4;8;<1;2;7;25;1;7;10;20;5;8;;1;<1;<1;;<1;3;3;2;1;1;<1;;;;<1;;;2;;;;1;<1;<1;;;<1;;;;;;;;;;;;1;1;<1;1;<1;1;2;1;<1;<1;2;4;3;<1;<1;<1;<1;20;20;6;15;1;1;3;1;20;;2;50;4;25;15;15;0;0;0;0;0;0;0;0;0;0;0;0;<1;1;10;2;0;0;1;0;0;0;3;<1;<1;0;2;0;0;0;0;0;0;<1;3;0;<1;2;1;0;<1;0;0;0;<1;0;0;<1;7;25;25;8;8;15;15;10;25;35;10;10;15;45;25;;50;8;25;3;6;30;6;7;1;70;4;2;25;20;25;5;2;60;2;5;6;3;;3;15;30;25;15;2;20;5;5;<1;1;1;<1;;;2;<1;3;3;1;<1;;18;<1;2;2;;1;;;2;1;1;;1;6;;;1;1;2;;2;<1;<1;<1;<1;;<1;<1;1;<1;<1;;1;1;1;;1;<1;<1;4;20;1;<1;<1;15;1;<1;<1;;<1;<1;;2;<1;<1;;1;1;;<1;1;<1;<1;<1;<1;<1;<1;;;<1;<1;;;<<1;<1;;;1;<1;;<1;<1;<1;;;<1;<1;;;<1;<1;;;<1;<1;<1;<1;<1;<1;;;<1;;;2;<1;<1;;;2;<1;<1;3;<1;<1;;3;;1;2;<1;<1;;1;1;1;10;10;1;1;<1;;3;2;2;50;<1;0;<1;1;2;2;1;<1;3
Livermosses;;;;<1;;;;;;;;3;;;1;;;;;;;;;;;;;;;;;<1;;;;;;;;;;;;;;;;;;;;;;;;;;;;;<1;;;;;;1;5;;;1;1;;;;;;<1;1;;;;;;;;;;;;;;;;;;;;;;;;;;;;;;;;;;;;;;;;;;;;;;;;;;;;;;;;;;;;;;;;;;;;;;;;;;0;0;0;0;0;0;0;0;0;0;0;0;0;0;0;0;0;0;0;0;0;0;0;0;0;0;0;0;0;0;0;0;0;0;<1;0;0;0;<1;<1;0;0;0;<1;0;0;0;0;2;1;1;1;2;<1;<1;<1;;1;<1;<1;15;1;4;5;;1;;;;;;2;;;;<1;;;;3;;;;;;;5;<1;;;3;4;;5;3;;;;;;;;;;;;;;;;;;<1;;;;;;;;;;2;;;;;;;;;;;<1;<1;2;;;;;<1;;;1;;;;1;;;1;1;;;;;;;;1;;;;;;1;1;;;;;;;;;;15;;3;2;;5;1;1;5;10;11;7;;2;4;5;;3;8;10;;7;5;5;10;4;;2;;5;;;2;12;5;;;10;1;<1;1;45;2;;;1;<1;1;8;;15;2;3;<1;;;1;;2;5;3;5;3;0;;;<1;<1;1;0;0;0;0;2;80;45;30;7
Lichen;;;;;;;<1;;;;;;;<1;;;;;;;;;;;;;;;;;;;<1;;;;;<1;;;;<1;;;;<1;;;;;;;;;;;;;;;;;;;;;;;;;;;;;;;;;;;;;;;;;;;;;;;;;;;;;;;;;;;;;;;;;;;;;;;;;;;;;;;;;;;;;;;;;;;;;;;;;;;;;;;;;;;0;0;0;0;0;0;0;0;0;0;0;0;0;0;0;0;0;0;0;0;0;0;0;0;0;0;0;0;0;0;0;0;0;0;0;0;0;0;0;0;0;<1;0;0;0;0;0;0;;;;;;;<1;;;;;;;;;;;;;;;;;;;;;;;;;;;;;;;;<1;;;<1;;;;1;<1;;;;;;;;;;;;;;;;;;1;;;;;;;;;;;<1;<1;;;;;;;;;;<1;;;;;<1;;<1;<1;;;;;;;;;;;;;;;;;;;;;;;<1;;;;;;;;<1;;;;;;<1;;;;;;;;;;;;;;;;;;;;;;;;;;<1;;;;;;;;;;;;;;;;<1;;;;;;;;;;;0;;;5;3;;;;;;;;1;0;0;0;0;8;15;15;3;35
Carex;;;;;;;;;;;;;;;;;;;;;;;;;;;;;;;;;;;;;;;;;;;;;;;;;;;;;;;;;;;;;;;;;;;;;;;;;;;;;;<1;;;;;;;;;;;;;;;;;;;;;;;;;;;;;;;;;;;;;;;;;;;;;;;;;;;;;;;;;;;;;;;;;;;;;;;;;;;0;0;0;0;0;0;0;0;0;0;0;0;0;0;0;0;0;0;0;0;0;0;0;0;0;0;0;0;0;0;0;0;0;0;0;0;0;0;0;0;0;0;0;0;0;0;0;0;;;;;;;;;;;;;;;;;;;;1;;;;;;;;1;;1;;;;;;;;;;;;;;;;;;;;;;;;;;;;;;;;;;;;;;;;;;;;;;;;;;;;;;;;;;;;;;;;;;;;;;;;;;;;;;;;;;;;;;;;;;;;;;;;;;;;;;;;;;;;;;;;;;;;;;;;;;;;;;;;;;;;;;;;;;;;;;;;;;;;;;;;;;5;1;1;;;;;;;;;;;1;5;6;11;5;0;0;0;0;0
Trichophorum;;;;;;;;;;;;;;;;;;;;;;;;;;;;;;;;;;;;;;;;;;;;;;;;;;;;;;;;;;;;;;;;;;;;;;;;;;;;;;;;;;;;;;;;;;;;;;;;;;;;;;;;;;;;;;;;;;;;;;;;;;;;;;;;;;;;;;;;;;;;;;;;;;;;;;;;;0;0;0;0;0;0;0;0;0;0;0;0;0;0;0;0;0;0;0;0;0;0;0;0;0;0;0;0;0;0;0;0;0;0;0;0;0;0;0;0;0;0;0;0;0;0;0;0;;;;;;2;;;;;;;;;;;;;;;;;;;;;;;;;;;;;;;;;;;;;;;;;;;;;;;;;;;;;;;;;;;;;;;;;;;;;;;;;;;;;;;;;;;;;;;;;;;;;;;;;;;;;;;;;;;;;;;;;;;;;;;;;;;;;;;;;;;;;;;;;;;;;;;;;;;;;;;;;;;;;;;;;;;;;;;;;;;12;25;8;10;20;8;8;4;8;5;8;5;10;10;10;20;17;20;15;10;3;0;0;0;0;10;10;2;8;8
Eriopherum;2;<1;1;<1;2;1;1;1;1;<1;1;6;<1;<1;1;2;1;1;1;15;6;2;2;1;1;1;1;1;2;1;2;1;3;2;2;2;4;3;1;1;7;3;<1;3;2;<1;1;2;<1;<1;3;<1;3;;;;1;1;<1;;15;3;2;2;15;80;10;15;8;9;1;;1;2;<1;5;4;<1;3;30;<1;;;;;;;;;;;1;;;;;;;<1;;;<1;<1;;;;;;;;;<1;;;;;;<1;;;;;;;;<1;<1;<1;1;<1;<1;<1;<1;;;;1;20;<1;<1;<1;1;<1;;;<1;<1;<1;<1;;1;10;0;0;0;0;0;0;0;0;0;0;0;0;0;0;0;0;0;0;0;0;0;0;0;0;0;0;0;0;0;0;0;0;0;0;0;0;0;0;0;0;0;0;0;0;0;0;0;0;6;4;1;;1;;6;;5;;3;<1;50;20;15;15;30;30;25;40;15;15;1;2;5;<1;;10;6;2;20;50;1;2;5;<1;5;6;5;4;5;5;6;15;2;3;4;7;2;2;6;60;7;3;4;1;2;1;6;2;3;3;10;2;6;6;8;8;6;10;4;5;6;5;5;7;6;1;3;3;<1;;;;;;;;;;<1;<1;<1;<1;;<1;<1;<1;<1;;<1;<1;<1;<1;;<1;<1;;;<1;;<1;;<1;5;;<1;<1;;;<1;;<1;<1;;;<1;<1;2;1;2;<1;1;2;1;<1;1;1;<1;4;2;3;3;2;<1;<1;<1;<1;<1;<1;<1;<1;5;<1;2;5;<1;1;4;2;1;1;2;4;1;2;15;10;2;3;7;2;1;1;1;2;5;5;2;2;3;4;4;4;3;8;2;2;2;3;2;6;12;4;3;5;5;2;4;2;2;0;1;3;0;0
Sedges;;;;;;;;;;;;;;;;;;;;;;;;;;;;;;;;;;;;;;;;;;;;;;;;;;;;;;;;;;;;;;;;;;;;;;;;;;;;;;;;;;;;;;;;;;;;;;;;;;;;;;;;;;;;;;;;;;;;;<1;;;;;;;;;;;;;;;;;;;;;;;;;;;;;;;;;;;;0;0;0;0;0;0;0;0;0;0;0;0;0;0;0;0;0;0;0;0;0;0;0;0;0;0;0;0;0;0;0;0;0;0;0;0;0;0;0;0;0;0;0;0;0;0;0;0;;;;;;;;;;;;;;;;;;;;;;;;;;;;;;;;;;;;;;;;;;;;;;;;;;;;;;;;;;;;;;;;;;;;;;;;;;;;;;;;;;;;;;;;;;;;;;;;;;;;;;;;;;;;;;;;;;;;;;;;;;;;;;;;;;;;;;;;;;;;;;;;;;;;;;;;;;;;;;;;;;;;;;;;;;;;;;;;;;;;;;;;;;;;;;;;;;;;;0;0;0;0;0;0;0;0;0;0
Rhynchospora;;;;;;;;;;;;;;;;;;;;;;;;<1;;;;;;;;;;;;;;;;;;;;;;;;;;;;;;;;;;;;;;;;;;;;;;;;;;;;;;;;;;;;;;;;;;;;;;;;;;;;;;;;;;;;;;;;;;;;;;;;;;;;;;;;;;;;;;;;;;;;;;;;;;;;;;;;;;;;;;;;;;;;;;;;;;;;;;;;;;;;;;;;;;;;;;;;;;;;;;;;;;;;;;;;;;;;;;;;;;;;;;;;;;;;;;;;;;;;;;;;;;;;;;;;;;;;;<1;;;1;;;;;;;;;;;;;;;;;;;;;;;;;;;;;;;;;;;;;;;;;;;;;;;;;;;;;;;;;;;;;;;;;;;;;;;;;;;;;;;;;;;;;;;;;;;;;;;;;;;;;;;;;;;;;;;;;;;;;;;;;;;;;;;;;;;;;;;;;;;;;0;0;0;0;0;0;0;0;0;0
Grasses;;;;;;;;;;;;;;;;;;;;;;;;;;;;;;;;;;;;;;;;;;;;;;;;;;;;;;;;;;;;;;;;;;;;;;;;;;;;;;;;;;;;;;;;;;;;;;;;;;;;;;;;;;;;;;;;;;;;;;;;;;;;;;;;;;;;;;;;;;;;;;;;;;;;;;;;;0;0;0;0;0;0;0;0;0;0;0;0;0;0;0;0;0;0;0;0;0;0;0;0;0;0;<1;0;0;0;0;0;0;<1;<1;0;0;<1;<1;0;0;0;0;0;<1;0;0;0;;;;;<1;<1;;;4;;1;2;;;;;;;;;;;;;;;;;;;;;;;;;;;;;;;;;;;;;;;;;;;;;;;;;;;;;;;;;;;;;;;;<1;;;;;;;;;;;;;;;;;<1;;;;;;;;;<1;1;<1;<1;<1;<1;;;;;;1;<1;<1;<1;;;;;;;;;;;;;2;1;4;2;;1;<1;<1;1;;<1;;;;;;;;;;;;;;;;;;;;<1;;;;<1;;2;2;2;2;<1;<1;1;<1;<1;;;;;;;;;;;;;;;;;;;;;;;;0;0;0;0;0;0;0;0;0;0
Heathers;6;6;<1;3;;;<1;1;<1;15;3;10;1;8;8;4;;;;;;<1;1;;;<1;;;;<1;<1;<1;1;;;<1;<1;1;;<1;;<1;<1;;<1;<1;<1;1;;;1;;;1;;;;;<1;3;;;<1;<1;;;1;;;;;;<1;;1;;;;;<1;1;1;<1;;;;;1;<1;;1;1;;;;;;;<1;;;;;;<1;;;;;;;;;;;;<1;;;;;;;;<1;;;<1;;;<1;<1;;<1;;;;;<1;;;;;;<1;;<1;;;;;;0;0;0;0;0;0;0;0;0;0;0;0;0;0;0;0;0;0;0;0;0;0;0;0;0;0;0;0;0;0;0;0;0;0;0;0;0;0;0;0;0;0;0;0;0;0;0;0;;3;<1;;;;5;1;;1;2;6;;;<1;<1;;;;;;;;;1;;2;;;;;;6;7;4;5;;;<1;1;<1;45;15;15;1;25;25;8;<1;;;;;<1;3;;;;<1;;;<1;<1;;3;<1;<1;<1;;2;<1;;;<1;1;;<1;<1;<1;<1;<1;<1;<1;<1;2;1;2;<1;;<1;;<1;1;<1;<1;1;;;<1;1;;;1;;<1;;;<1;<1;;<1;2;;;;;;;;;<1;<1;<1;<1;;;;;;;4;<1;;;4;5;2;<1;5;3;;2;<1;<1;5;15;10;5;<1;3;3;3;5;4;<1;1;;<1;<1;<1;;1;;;;;;;;;1;;<1;;3;4;10;9;8;10;7;17;5;1;15;17;5;10;12;8;10;2;7;4;12;3;30;12;12;5;4;30;20;12;4;10
Oxycoccus;;;;;;;;;;;;;;;;;;;;;;;;;;;;;;;;;;;;;;;;;;;;;;;;;;;;;;;;;;;;;;;<1;;;;;;;;;;;;;;;;;;;;;;;;;;;;;;;;;;;;;;;;;;<1;;;;;;;;;;;;;;;;;;;;;;;;;;;;;;;;;;;;;;;;;;;;;;;;0;0;0;0;0;0;0;0;0;0;0;0;0;0;0;0;0;0;0;0;0;0;0;0;0;0;0;0;0;0;0;0;0;0;0;0;0;0;0;0;0;0;0;0;0;0;0;0;;;;;;;;;;;;;;;;;;;;;;;;;;;;;;;;;;;;;;;;;;;;;;;;;;;;;;;;;;;;;;;;;;;;;;;;;;;;;;;;;;;;;;;;;;;;;;<1;;;;;<1;;;;;;;;;;;;;;;;;<1;;;;;;<1;;;;<1;;;;;;<1;;;<1;;;;;;;;;;;;;;;;;;;;;;;;<1;;;;;;;;;;;;;;;;;;<1;;<1;;;;;;<1;;<1;<1;<1;<1;<1;<1;<1;0;0;;0;1;3;1;1;<1;<1;<1;<1;<1
Blueberry;;;;;;;;;;;;;;;;;;;;;;;;;;;;;;;;;;;;;;;;;;;;;<1;;;;;;;;;;;;;;;;;;;;;;;;;;;;;;;;;;;;;;;;;;;;;;;;;;;;;;;;;;;;;;;;;;;;;;;;;;;;;;;;;;;;;;;;;;;;;;;;;;;;;;;;;;;;0;0;0;0;0;0;0;0;0;0;0;0;0;0;0;0;0;0;0;0;0;0;0;0;0;0;0;0;0;0;0;0;0;0;0;0;0;0;0;0;0;0;0;0;0;0;0;0;;;;;;;;;;;<1;<1;;;;;;;<1;;;;;;;;;;;;;;;<1;;<1;;;;<1;;;;<1;;;;;;;;;;;;;;<1;;;;;;;;;;;;;;2;;;;;<1;;;;<1;;;;;;;;;;;;;;;;;;;;;;;;;;;;;<1;;;;;;;;<1;;;;;;;;;;;;;;;;;;;;;;;;;;;;;;;;;<1;;;;;;;;;;;;;;;;;;;;;;;;;;;;;;;;;;;;;;;;;;;;;;0;0;0;0;0;0;0;0;0;0
Drosera;;;<1;;;;;;;;;;;;;;1;<1;;1;6;2;2;<1;;<1;;;<1;2;;<1;;;;;;;;<1;;1;;;;;;;;;;;;;;;;;;;;;;;;;<1;;;;;;<1;<1;;;;<1;;;;;;;;;;;;;;;;;;;;;;;;;;;;;;;;;;;;;;;;;;;;;;;;;;;;;;;;;;;;;;;;;;;;;;;;<1;;;0;0;0;0;0;0;0;0;0;0;0;0;0;0;0;0;0;0;0;0;0;0;0;0;0;0;0;0;0;0;0;0;0;0;0;0;0;0;0;0;0;0;0;0;0;0;0;0;;;;;;;;;;;;;;<1;;;;;<1;;;;;;<1;;;;;1;;;;;;;;;;;;;<1;;<1;;;<1;;1;;;2;2;1;;;1;<1;;1;3;1;1;;<1;1;<1;<1;;<1;<1;;1;;;;;<1;;;;;;;;;;;;;;;;;;;;;;;;<1;;;;<1;;;;;;;;<1;;;;<1;;;;;;;;;;;;1;;;<1;1;<1;;;;1;;;1;<1;;;;<1;;;;;;;<1;;;<1;<1;<1;;;<1;;;;<1;;;<1;<1;<1;;;<1;;;<1;;;;<1;<1;1;1;<1;<1;<1;1;;<1;<1;1;1;<1;1;0;0;0;0;1;<1;0;0;<1;<1
Herbs;;;;;;;;;;;;;;;;;;;;;;;;;;;;;;;;;;;;;;;;;;;;;;;;;;;;;;;;;;;;;;;;;;;;;;;;;;;;;;;;;;;;;;;;;;;;;;;;;;;;;;;;;;;;;;;;;;;;;;;;;;;;;;;;;;;;;;;;;;;;;;;;;;;;;;;;;0;0;0;0;0;0;0;0;0;0;0;0;0;0;0;<1;0;0;0;0;0;0;0;0;0;0;0;0;0;0;0;0;0;0;0;0;0;0;0;0;0;0;0;0;0;0;0;0;;;;;;;;;;;;;;;;;;;;;;;;;;;;;;;;;;;;;;;;;;;;;;;;;;;;;;;;;;;;;;;;;;;;;;;;;;;;;;;;;;;;;;;;;;;;;;;;;;;;;;;;;;;;;;;;;;;;;;;;;;;;;;;;;;;;;;;;;3;;;1;;;;;;;;;;;;;;;;;;;;;;;;;;;;;;;;;;;;;;;;;;;;;<1;;;;;1;1;;;;;;2;10;2;1;2;1;1;0;1;1
Narthecium;;;;;;;;;;;;;;;;;;;;;;;;;;;;;;;;<1;;;<1;;;;;;;<1;<1;;<1;;<1;;;;;;;;;;;;;;;;;;;;;;;;;;;;;;;;;;;;;;;;;;;;;;;;;;;;;;;;;;;;;;;;;;;;;;;;;;;;;;;;;;;;;;;;;;;;;;;;;;;;;;;;;;;;;;;;;;;;;;;;;;;;;;;;;;;;;;;;;;;;;;;;;;;;;;;;;;;;;;;;;;;;;;;;;;;;;;;;;;;;;;;;;;;<1;;<1;;;<1;<1;;<1;<1;;;<1;;<1;<1;;;;;;;;;<1;<1;;;<1;<1;<1;<1;<1;<1;;;<1;<1;<1;;<1;;<1;<1;<1;<1;<1;;;;;;;;;;;;;;<1;;<1;;;;;;;;;;;;;;;;;;;;;;;;;;;;;;;;;;;;;;;;;;<1;<1;;;;;;;;;;;;;;;<1;;;;;;;;;;;;;;;;;<1;;;;;;30;30;30;40;55;20;17;10;25;;15;30;25;30;15;3;2;25;20;22;;0;0;0;0;0;0;0;0;0
Bet_nan;;;;;;;;;;;;;;;;;;;;;;;;;;;;;;;;;;;;;;;;;;;;;;;;;;;;;;;;;;;;;;;;;;;;;;;;;;;;;;;;;;;;;;;;;;;;;;;;;;;;;;;;;;;;;;;;;;;;;;;;;;;;;;;;;;;;;;;;;;;;;;;;;;;;;;;;;0;0;0;0;0;0;0;0;0;0;0;0;0;0;0;0;0;0;0;0;0;0;0;0;0;0;0;0;0;0;0;0;0;0;0;0;0;0;0;0;0;0;0;0;0;0;0;0;;;;;;;;;;;;;;;;;;;;;;;;;;;;;;;;;;;;;;;;;;;;;;;;;;;;;;;;;;;;;;;;;;;;;;;;;;;;;;;;;;;;;;;;;;;;;;;;;;;;;;;;<1;;;;;;;;;;;;;;;;;;;;;;;;;;;;;;;;;;;;;;;;;;;;;;;;;;;;;;;;;;;;;;;;;;;;;;;;;1;;2;;4;;;<1;;;;;;;;;;;;;27;12;0;0;0;0;0;0;0;0
Seedlings;;;;;;;;;;;;;;;;;;;;;;;;;;;;;;;;;;;;;;;;;;;;;;;;;;;;;;;;;;;;;;;;;;;;;;;;;;;;;;;;;;;;;;;;;;;;;;<1;;<1;<1;<1;<1;<1;;<1;1;;;;<1;;;;;<1;;<1;<1;<1;;<1;;<1;<1;<1;;;;;;;;<1;<1;<1;<1;<1;<1;<1;;;;;;;;<1;;;;;;<1;;;;;;;;;;;;;;;;;;;;;;;;;;;;;;;;;;;;;;;;;;;;;;;;;;;<1;<1;;1;<1;;1;;<1;<1;<1;<1;;2;;;;;;;<1;<1;<;<1;;1;<1;;;;;;<1;<1;;;<1;;<1;;;<1;<1;<1;<1;<1;<1;<1;<1;<1;;;;;;;;;;;;;;<1;<1;;;;;<1;;<1;<1;<1;<1;<1;<1;<1;<1;;;;<1;;<1;<1;1;<1;;;;;1;;<1;<1;<1;<1;;;;<1;;;;;;<1;;<1;<1;<1;;;;<1;;<1;<1;;<1;;;;;<1;;;;;<1;1;;<1;;;<1;1;;;;;;;3;;;<1;;;;<1;;;;;;;;;;<1;;;;;;;;;<1;;;;<1;<1;;;;;<1;;<1;;;;;;;;;<1;;;<1;<1;0;0;0;0;0;<1;<1;0;<1;<1
Bushes;;;;;;;;;;;;;;;;;;;;;;;;;;;;;;;;;;;;;;;;;;;;;;;;;;;;;;;;;;;;;;;;;;;;;;;;;;;;;;;;;;;;;;;;;;;;;;;;;;;;;;;;;;;;;;;;;;;;;;;;;;;;;;;;;;;;;;;;;;;;;;;;;;;;;;;;;0;0;0;0;0;0;0;0;0;0;0;0;0;0;0;0;0;0;0;0;0;0;0;0;0;0;0;0;0;0;0;0;0;0;0;0;0;0;0;0;0;0;0;0;0;0;0;0;;;;;;;1;15;;6;<1;;;<1;<1;1;;;;;;1;;1;;;;;;;;;;;;1;;;;;;1;;;;<1;5;1;;;;;;;;;;;;;;;;;;;;;;;;;;;;;;;;;;;;;;;;;;;;;;;;;;;;;;;;;;;;;;;;;;;;;;;;;;;;;;;;;;;;;;;;;;;;;;;;;;3;;;;;;;;;;;;;;;;;1;;;;;;;;;;;;;;;;;1;;;;;;;;;;;;;;;;;0;0;0;0;0;0;0;2;0;0
Trees;;1;;4;;;;;;2;1;;;1;2;2;;;;;;;;;;;;;;;;;;;;;;;;<1;;;;;;;;;;;;20;<1;;;<1;<1;1;<1;;;<1;<1;1;;;<1;;<1;;;3;;1;1;;<1;;<1;<1;;;;;;;;;;;;;;;;;;;;;;;;;;;;;;;;;;;;;;;;;;;;2;;;;;;;;;;;;;;;;;;;;1;;;;;;;;;0;0;0;0;0;0;0;0;0;0;0;0;0;0;0;0;0;0;0;0;0;0;0;0;0;0;0;0;0;0;0;0;0;0;0;0;0;0;0;0;0;0;0;0;0;0;0;0;;;;;;;;;;;;;;;;;;;;;;;;;;;;;;;;;;;;;;;;;;;;;;;;;;;;;;;;;;;;;;;;;;;;;;;;;;;;;;;;;;;;;;;;;;;;;;;;;;;;;;;;;;;;;;;;;;;;;;;;;;;;;;;;;;;;;;;;;;;;;;;;;;;;;;;;;;;;;;;;;;;;;;;;;;;;;;;;;;;;;;;;;;;;;;;;;;;;;0;0;0;0;0;0;0;0;0;0
Bare_peat;95;7;2;5;95;40;10;1;90;25;5;7;100;40;8;5;100;50;;;90;60;8;2;95;30;;;100;;;4;95;15;10;15;95;20;5;4;90;40;15;5;95;7;3;;85;15;15;5;95;45;15;25;90;3;5;15;60;13;10;20;30;;;;80;15;10;8;90;5;50;10;85;20;8;20;95;85;95;95;100;100;95;85;95;100;95;95;100;100;100;100;100;100;95;100;100;100;100;95;100;100;100;100;95;100;100;95;100;100;100;100;100;95;100;95;90;97;100;95;90;90;95;95;90;90;90;90;95;95;100;95;75;55;85;75;95;95;85;95;80;95;95;50;95;70;80;70;85;80;95;90;95;85;85;90;95;95;85;85;65;70;60;80;80;95;90;80;95;95;85;50;95;95;85;90;55;95;90;90;90;90;85;85;90;75;90;85;85;80;85;85;90;50;70;85;80;50;15;35;75;35;45;45;35;4;4;20;15;10;5;;10;;2;;75;5;15;5;85;9;35;;70;65;40;3;90;15;4;2;90;85;6;;75;6;5;3;95;30;20;10;95;80;;;90;65;15;3;95;65;2;1;95;25;;6;90;40;6;20;95;45;8;5;85;60;20;25;90;30;15;15;95;30;1;2;100;40;2;3;100;35;15;<1;95;25;;2;100;40;1;;95;50;;4;80;7;;1;100;40;2;1;100;20;;3;100;20;2;20;95;20;1;2;95;20;3;1;85;85;;3;98;60;2;1;85;33;6;2;95;45;20;18;90;45;2;9;88;25;;10;75;25;11;3;90;45;5;;90;30;15;25;95;25;;;70;12;;3;99;71;12;12;;;;;;;;;;;;;;;;;;;;;0;0;0;0;0;1;0;0;0;0
Litter;;;;;;;5;;;;;;;;3;;;;;;;;;;;;;;;;20;;;;;;;;;1;;;;;;;;;;;;5;;;;;1;;;1;3;;;;;5;;;1;;;;;;;;<1;;;;5;15;5;3;;3;2;5;4;2;3;4;0;1;<1;2;1;1;4;5;1;<1;2;1;2;1;<1;;4;2;1;5;2;1;1;4;2;3;1;2;4;3;4;3;3;5;4;3;4;4;3;3;3;4;2;3;1;4;2;1;1;1;1;1;2;2;1;1;2;1;1;1;15;20;5;5;5;10;15;5;3;3;15;15;15;15;25;10;20;5;10;20;5;5;10;50;2;2;5;5;10;5;5;5;5;5;10;10;10;10;10;10;5;5;10;5;5;40;20;15;<1;;;;;;;;;3;;<1;;<1;1;3;<1;;<1;;1;2;1;7;<1;2;<1;1;<1;<1;<1;<1;<1;<1;2;5;<1;;6;<1;<1;1;;;<1;1;2;2;;;;;;;;;2;;<1;1;;;;;1;;;<1;<1;;<1;<1;2;1;;1;2;1;;1;4;1;1;;1;1;<1;<1;<1;<1;;<1;<1;<1;<1;;;;;;;;;;1;<1;;<1;3;;;;1;3;;;2;<1;;;;;;;;;;;;;1;1;1;;;;5;;;;3;;<1;1;7;;<1;1;7;5;1;1;;;;;;;<1;;1;;;<1;;;4;;;;;;<1;;;;12;10;15;25;10;10;12;3;35;17;3;40;20;10;10;22;;40;45;10;8;2;7;10;5;15;8;5;12;5
Mulch;;60;60;50;;60;45;30;;35;50;45;;40;45;55;;50;10;5;;50;35;20;;70;30;30;;65;;55;;80;55;65;;75;70;70;;55;60;60;;90;50;60;;80;65;55;;45;65;55;;85;70;65;;60;65;45;;20;45;45;;65;70;60;;60;25;30;;60;70;25;;;;;;;;;;;;;;;;;;;;;;;;;;;;;;;;;;;;;;;;;;;;;;;;;;;;;;;;;;;;;;;;;;;;;;;;;;;;;;;;;;;;;;;;;;;;;;;;;;;;;;;;;;;;;;;;;;;;;;;;;;15;15;15;;35;9;15;;40;15;10;;15;3;4;;3;1;2;;50;25;30;;8;10;1;;<1;2;2;;15;8;5;;10;3;3;;7;10;6;;20;15;7;;15;;;;30;5;3;;30;2;1;;20;;20;;50;25;20;;40;30;30;;30;20;30;;70;25;30;;70;85;80;;60;65;60;;65;35;60;;75;65;75;<1;60;25;45;;30;30;35;<1;75;45;40;;60;35;30;<1;65;35;30;<1;75;45;20;1;75;50;50;<1;75;50;50;;10;3;5;;30;4;5;;50;18;15;;45;8;12;;30;18;25;;60;40;30;;60;15;10;;35;8;10;;30;8;<1;;35;4;3;;30;6;5;;20;4;3;;;;;;;;;;;;;;;;;;;;;0;0;0;0;0;0;0;0;0;0
Dead_wood;;;;;;;;;6;3;;;;;;;;;;;;;;;1;;;;;;;;;;;;;;;;3;;;;;;;;10;;;;;3;;;5;;;;2;2;;;;;;;;;;;;;;;;;;;;;;;;;2;2;;;;;;;;;;;;;;;;;;;;;;;;;;;;;;;;;6;;;;4;2;;3;2;1;;;;;;;;;;;;;;;;;;;;;;;2;0;2;5;2;5;2;2;2;2;2;0;3;2;0;4;1;0;0;2;0;0;0;0;0;1;0;3;0;0;1;0;0;0;0;0;0;0;1;0;0;0;0;0;0;0;0;0;1;2;1;<1;10;;1;;4;3;1;1;2;1;1;2;;;;;;;;;;;;;;;;;1;1;;;1;;<1;;5;2;;<1;;;;;;;;;;;;;;;;;;;;;;;;;;;;;1;;;1;;;;;<1;;;;1;3;1;<1;;2;;<1;5;<1;<1;2;;;;;1;;;;<1;;;;;;;;;;;;;<1;;;;;;;<1;;;1;;;;3;;;;;;;;3;;;;;;;;;;;;2;;;;;;;;;;;;;;;;;;;;;;;;;;;;;;;;;;;;;;;;;;;;;0;0;0;0;0;0;0;0;0;0
Temp_water;;;;;;;;;;;;;;;;;;40;85;25;;;;;;;;;;;20;;;55;;50;45;;;;;;;;;;;;;;;;;;;;;;;;;;;;40;3;;;;;;;;;;;100;90;90;;;;;;;;;;;;;;;;;;;;;;;;;;;;;;;;;;;;;;;;;;;;;;;;;;;;;;;;;;;;;;;;;;;;;;;;;;;;;;;;;;;;;;;;;;;;;;;;;;;;;;;;;;;;;;;;;;;;;;;;;;;;;;;;;;;;;;;;;;;?;;?;;;;;?;;;?;?;?;?;;;;?;;;;50;;;;;;?;;;;;;;;15;;;;50;;;5;80;;5;;;;;;;;;;15;;;;;;;;;;;;;;;;;;;;;;;;;;;;;;;;;;;;;;;;;;;;;;;;;;;;;;;;;;;;;;;;;;;;;;;15;;;;;;;;;;;;;;;;;;;;40;;5;;5;;;;;;;;;;;;;;;;1;;1;;;;;;;;;;;0;0;0;0;0;0;0;0;0;0
Other;;;;;stein 1;;;;;;;;;;;;;;;;;;;;;;;;;;;;;;;;;;;;;;;;;;;;;;;;;;;;;;;tråkk;tråkk;;;;;;;;;;;;tråkk;;tråkk;;;;;;;;;;;;;;;;;;;;;;;;;;;;;;;;;;;;;;;;;;;;;;;;;;;;;;;;;;;;;;;;;;;;;;;;;;;;;;0;0;0;0;0;0;0;0;0;0;0;0;;;;;;0;0;0;0;0;0;;;;;;;;;;;;;;;;;;;;;;;;;;;;;;;;1;;;;1;;;;;;;;;;;;;;;;;;;;;;;;;;;;;;;;;;;;;;;;;;;;;;;;;;;;;;;;;;;;;;;;25;;;;;;;;;;;;;;;;;;;;;;;;;;;;;;;;;;;;;;;;;;;;;;;;;;;;;;;;;;;;;;;;;;;;;;;;;;;;;;;;;;;;;;;;;;;;;;;;;;;;;;;;;;;;;;;;;;;;;;;;;;;;;;;;;;;
All_species;røsslyng, torvull, papillosum;røsslyng, tyttebær, krekling, bjørk, torvull, furumose, etasjemose, dicranum;torvull, røsslyng, divinum, angustifolium, capillifolium, tenellum, dicranum, papillosum, furumose;bjørk, torvull, røsslyng, polytrichum, dicranum, capillifolium, papillosum, angustifolium, tenellum, furumose, ;torvull, bjørnemose, annen mose, furumose, dicranum;torvull, bjørnemose, furumose, cf. angustifolium;torvull, klokkelyng, bjørnemose, dicranum, cladonia arbuscula, papillosum, angustifolium, tenellum, capillifolium, furumose;furumose, klokkelyng, tyttebær, torvull, dicranum, myrfiltmose, sph cap, pap, ten, ang, etasjemose, divinum;klokkelyng, røsslyng, torvull, sph cus?, dicranum, furumose, plagiothecum, bjørnemose, ;torvull, røsslyng, bjørk, bjørnemose, dicranum, andre bladmoser, furumoser, kystjamnemose, klokkelyng, ;bjørk, røsslyng, torvull, papillosum, capillifolium, tenellum, angustifolium, dicranum, furumose, andre bladmoser, myrfiltmose,;torvull, røsslyng, tyttebær, myrfiltmose, levermose, furumose, papillosum, angustifolium, capillifolium, tenellum, dicranum, bjørnemose, bakkefrynse;torvull, røsslyng;røsslyng, torvull, bjørk, furumose, dicranum, andre bladmoser,;bjørk, røsslyng, torvull, dicranum, capillifolium, angustifolium, papillosum, tenellum, etasjemose, furumose, sph div;bjørk, røsslyng, torvull, angustifolium, papillosum, tenellum, capilifolium, dicranum, annen bladmose, furumose, myrfiltmose, bjørnemose,;torvull, bjørnemose, smal soldogg;torvull, rund soldogg, andre bladmoser, torvmose, ;torvull, ang, ten, cap, pap;torvull, smal soldogg, stramineum straminergon, myrfiltmose, sph pulchrum cf;rund og smal soldogg, kvitmyrak, torvull, bjørnemose;smal soldogg, torvull, torvmose sp. ;smal, rund soldogg, calluna, klokkelyng, bjørnemose, furumose, andre bladmoser, dicranum, torvull, pap, cap, ten, ang;rund soldogg, torvull, kvitmyrak, myrfiltmose, cap, pap, ten, pap;torvull, bjørnemose, annen bladmose, torvmose;torvull, tyttebær, andre bladmoser, furumose, rund soldogg;torvull, furumose, myrfiltmose, dicranum, ang, cap, pap, ten, bjørnemose;stramineum straminergon, dicranum. myrfiltmose, torvull, sph ten, ang, pap, cap;smal soldogg, torvull, cf. divinum;torvull, smal og rund soldogg, klokkelyng, torvmoser;kvitlyng, torvull, straminergon stramineum, ang, cap, ten, pap, andre bladmoser, bjørnemose, ;torvull, bjørnemose, furumose, levermose, dicranum, begge soldogg, myrfiltmose, tyttebær, sph alle, ;torvull, klokkelyng, tyttebær, bjørnemose, andre bladmoser, cladonia;torvull, bjørnemose, torvmose, ;torvull, rome, etasjemose, furumose, cap, ang, ten, pap, myrfiltmose, bjørnemose;torvull, dicranum, bjørnemose, sph ten, ang, pap, cap, klokkelyng, etasjemose;torvull, røsslyng;klokkelyng, torvull, dicranum, bjørnemose, engkransmose,;torvull, myrfiltmose, bjørnemose, fyrumose, ang, pap, ten, cap;furuskudd, torvull, rund soldogg, klokkelyng, bjørnemose, dicranum, furumose, annen liten dicranum;torvull;torvull, rome, klokkelyng, soldogg, andre bladmoser, sph pap;myrull, rome, tyttebær, angustifolium, dicranum, tenellum, capillifolium, papillosum, furumose;torvull, dicranum, polytricum, sph ang, sph cap, sph ten, sph pap;s. pap, rome, klokkelyng, blokkebær, torvull, levermoser;klokkelyng, torvull, dicranum, sph pap cf, sph rus cf, cladonia;torvull, rome, dicranum, polytricum, alle sph tilstede, furumose, klokkelyng;torvull, klokkelyng, krekling, dicranum, pleurozium, polytricum, angustifolium, tenellum, capillifolium, papillosum, divinum, levermoser;torvull, furumose, enkeltskudd sph sp, bjørnemose, dicranum, ;enkeltskudd sph sp, bjørnemose, dicranum, torvull;torvull, røsslyng, furumose, dicranum, sph alle arter? usikker på ten;bjørk busk og småplanter, furu busk, torvull, furumose, ;furuspire, bjørnemose, stram stram, torvull, sph enkeltskudd (pap?);røsslung, sph enkeltskudd, furumose, annen bladmose, ;dicranum, annen dicranum, alle torvmosene;torvmosene, dicranum, bjørkespire;Torvull, bjørk, torvmose, bjørnemose, furumose, Dicranum, andre moser;torvull, torvmose, Dicranum, andre moser, furumose, etasjemose, bjørk, furu, selje;torvull, røsslyng, torvmose, bjørnemose, andre moser, Dicranum, etasjemose, furumose, bjørk;torvmose/papillosum, bjørnemose, andre moser, røsslyng, ;andre moser, torvull, torvmose, bjørnemose, levermose, furumose;etasjemose, andre moser, torvmose, bjørnemose, torvull, bjørk, furumose, Dicranum, papillosum, frøplante av cf. selje;torvmose, bjørnemose, andre moser, furumose, myrfiltmose, torvull, tranebær, røsslyng, bjørk, furu;torvmose, bjørnemose, heigråmose, andre moser, furumose, andre moser, Hypnum, torvull, røsslyng, bjørk, furu;bjørnemose, stram stram, bakkefrynse, annen bladmose (dicranum), torvull, sph cus?, sph cap?, sph sp;torvull_tue dekker mest, men både sph (pap og cap), bjørnemose, furumose og andre bladmoser under;stram stram, dicranum, annen bladmose, myrfiltmose, torvull, kvitlyng, rund soldogg, furuspire;torvull, vårmose, annen levemose, bjørnemose, dicranum, annen bladmose, torvmosene;torvull, bjørnemose, dicranum, annenbladmose, furuspire, sph pap;torvull, bjørnemose, annen bladmose, ;bjørnemose, myrfiltmose, torvmosene, torvull, levermoser;ei bjørk er delvis innafor ruta, bjørnemose, torvmosene, ;torvull, rund soldogg, Straminergon stramineum, Dicranum, cf. Scorpidium, papillosum, torvmose, røsslyng;torvull, rund soldogg, bjørk, furu, cf. rubellum, papillosum, cf. tenellum, andre moser, Dicranum;torvull, røsslyng, furu, etasjemose, andre moser, torvmose, bjørnemose, angustifolium, papillosum, tenellum, capillifolium, russowii;torvull, Straminergon stramineum, andre moser, Dicranum , angustifolium, capillifolium, papillosum, tenellum, cf. fallax (samlet), Ptilidium ciliare, bjørnemose, heigråmose;torvull, furu, straminergon stramineum, papillosum, cf. majus, bjørnemose;torvull, rund soldogg, starr, bjørnemose, andre moser, Scorpidium, Dicranum, capillifolium, papillosum, Straminergon stramineum, Ptilidium ciliare;torvull, Ptilidium ciliare, bjørnemose, Straminergon stramineum, andre moser, torvmose, papillosum, angustifolium, capillifolium, furu;torvull, tyttebær, furu, torvmose, bjørnemose, furumose, cf. Hypnum, myrfiltmose, andre moser;Eriophorum, calluna;Dicranum, calluna;;andre bladmoser;;bjørnemose, andre bladmoser;Dicranum, engkransmose, annen bladmose;Calluna, bjørnemose, annen bladmose, frøplante;Calluna, annen bladmose, sphagnum (cap? acutifolia røde greiner), dicranum;annen bladmose;calluna, annen bladmose;calluna, eriophorum, annen bladmose;;soldogg;;soldogg, andre bladmoser;soldogg;soldogg, bjørnemose;andre bladmoser, bjørnemoser, eriophorum, sphagnum (for liten å si art), soldogg, calluna vulgaris;solgogg;;soldogg, bjørnemose;soldogg, eriophorum, sphagnum;andre bladmoser, sphagnum cf molle (tatt prøve), bjørnemose;andre , tyttebær, lyng;sphagnum sp.;frøplanter umulig å bestemme;Bjørnemose, andre bladmose;spagnum for lirn å si art, bjørnemose;spagnum, bare hodet, bjørnemose;;eriopherum vaginatum, frøplanter;;;;;calluna, eriophorum;bjørnemose, eriophorium;;;andre bladmose, frøplanter, Sphagnum for liten for å bestemme;bjørnemose, frøplanter, andre bladmoser, Sphagnum for liten for å bestemme;Eriophorum, Sphagnum for liten for å bestemme, andre bladmoser;bjørk, furu, Sphagnum for liten, andre bladmoser;Sphagnum for liten, andre bladmoser, bjørnemose, calluna;andre bladmoser, sphagnum, eriophorum;polytrichum, bladmoser, sphagnum, eriophorum;bjørnemoser, calluna, erophorum, sphagnum, andre bladmoser;sph, polytricum, andre bladmoser, eriophorum;sphagnum capillifolium + en i underslekt sphagnum, bjørnemose, andre bladmoser, frøplante, eriophorum;sphagnum capillifolium, frøplante, andre bladmoser, bjørnemose, calluna, eriphorum;sphagnum capillifolium, bjørnemose, frøplante, andre bladmoser, eriophorum;sphagnum cap+sect. sphagnum, bjørnemose, andre bladmoser, eriophorum;sphagnum, bjørnemoser, andre moser, frøplante, calluna;sphag cap, andre bladmoser, bjørnemose, frøplante;sphagnum capillifolium, andre bladmoser, frøplante;Bjørnemose, bladmose, eriophorum, sphagnum cf. cap;Eriophorum, bjørnemose, bladmose, sphagnum, sphagnum sek.;sphagnum cap., sphagnum sek., eriophorum, bladmose, kvitlyng;bjørnemose, bladmoser, eriophorum, sphagnum sek., sphagnum sp.;sect sphagnum, poly, andre bladmoser, eriophorum;erio, polyt, andre bladmoser;polyt, andre bladmoser, eriophorum;sect. Sphagnum, polyt, andre bladmoser, bjørk;andre bladmoser, calluna, bjørnemoser;sect. sphagnum, eriophorum;andre bladmoser, polyt, calluna, eriophorum;sphagnum, bladmoser, polyt, eriophorum;eriophorum, sphagnum, andre bladmose;sphagnum tenellum, bjørnemose, andre bladmose, soldogg, frøplanter;eriophorum, shpagnum tenellum, sek. sphagnum, sek acutufolua, andre bladmose,bjørnemose;bjørnemose, eriophorum, sphagnum;ingen i live, tørr sphagnum, tørr calluna;ingen i live, noe tørr sphagnum, strø fra gras?;ingen i live;ingen i live;ingen i live;ingen i live;ingen i live, en god del tørr sphagnum;ingen i live;ingen i live;ingen i live;kan se ut som det er noen tørre, men antakelig i live individer av sphagnum, ukjent art;ingen i live;mye tørr sphagnum, noe også såpass tydelig at usikker på om kan komme tilbake;furumose, skudd av rome, en del sphagnum, tørr,men noe helt, kan kanakje komme tilbake;en del tørr furumose, noe tørr sphagnum, ;såvidt furumose, tørr sphagnum, men hel, kan komme tilbake, et lite molteblad;ingn i live, såvidt noe gjenkjennbar sphagnum som kanskje kan komme tilbake;;kanskje såvidt noe kransmose som kan komme tilbake;små individer av bjørnemoser;;;kan ikke ta Sphagnum til art- et par individer, furumose;Dicranum, tørre torvmoser; er skudd furumose, noen spredte skudd torvmose;to tydlige hoder torvmose+noe tørt;noen begynnende gresstrå, flekk bladmose, tue tørr sphagnum;liten tue tørr torvmose;tørr sphagnum;død Sphagnum;død sphagnum;død torvmoser;død torvmose;død torvmose (ser ut som de begynner å spire);;;død torvmoser;død torvmoser;død torvmoser;døde torvmoser;død torvmoser;døde torvmoser;død torvmose;;død torvmose;dicram, død torvmose;dicram, død torvmose;furumose;;;;;;;;;;;;;;;;;;;;;;;;;;;;;;;;;;;;;;;;;;;;;;;;;;;;;;;;;;;;;;;;;;;;;;;;;;;;;;;;;;;;;;;;;;;;;;;;;;;;;;;;;;;;;;;;;;;;;;;;;;;;;;;;;pap, molinia, eriophorum, levermoser;pap, rub,ten, molinia, eriophorum ;molinia, drosera, calluba, e.vag, emp nigr, pin syl, polytrichium, rub, comp, cap, ten, bal, levermoser, bladmoser;bet pub, molinia, e.vag., drosera, emp nigr, heigråmose, pap, ten, rub, comp, ang, bladmose, levermoser, oxycoccus;torvmyrull, ukjent sph liten;molinia, torvmyrull, levermoser, pap, soldogg, furu;calluna, e.vag, polytrichium, drosera, emp nigr, rub, pap, comp, bal, ang, oxycoccus, bladmose, molinia;emp nigr, calluna, e. vag., molinia, dicranum, polytrichium, levermoser, pap, rub, ten, bal, comp, drosera;e.vag, furu, molinia, molte, pap, røsslyng, empetrum, levermoser;furu, pap, e.vag, rome, røsslyng, krekling, levermoser,;calluna, rome, molinia, e.vag, polytrichium, emp nigr, bladmoser, levermose, div, rub, ten, pap, ang, comp;e. vag, calluna, rubus chr. Dros rot, emp nigr, polytrichium, bladmoser, andromeda, pap, comp, rub, bal, ten, ang;e.vag;calluna, e.vag, pap, dicranum levermoser;E. vag, Drosera rot, pap, rub, bladmoser, ang. polytrichium, bal, ten, levermoser , calluna, comp;E.vag, drosera rot, emp nigr, bladmoser, rub, pap, bal, ten, ang, levermoser;røsslyng, e.vag, bjørk,;røsslyng, bjørk, e. vag, levermoser;calluna, bladmoser, e.vag, emp nigr, andromeda, levermose, pap, rub, ten, ang;calluna, e. vag, emp nigr, picea abis, drosera rot, bladmoser, div, pap, rub, comp, ten, ang;e. vag,ukjent liten sphagnum, røsslyng, krekling, ;e.vag, røsslyng, levermoserb, bjørnemose, rub;vacc myr, calluna, e. vag, bladmoser, levermoser, emp nigr, rub, pap, div comp, ang, ten;e. vag, pin syl, calluna, fus, emp nigr, bladmoser, ang, pap, rub, ten, levermoser;e.vag, empetrum, levermoser, pap;bjørnemose, levermoser, pap, empetrum, e.vag, rome;e.vag, emp nigr,  polytrichium, drosera rot, pap, rub, ang, ten, comp, bladmoser;e.vag, emp nigr, andromeda, rub, pap, ten, comp, calluna, bladmoser, ang, levermoser;dicranum, e.vag, pap;pap, e.vag, empetrum, bjørnemose, dicranum, levermoser, soldogg, ;e.vag, polytrichium, drosera rot, ten, pap, emp nigr, rome, rub, bladmose, comp, molinia, oxycoccus;drosera rot, oxycoccus, e. vag, polytrichium, pap, rub, ang, ten, bladmoser, comp, emp nigr;pap, rub, e.vag, levermoser;pap, ten, rub,bjørnemose, e. vag, levermoser, andromeda, krekling, furu,  ;bet pub, e.vag, polytrichium, molinia, bladmose, levermose, drosera rot, ag, comp, rub, cap, bal, ten;e.vag, pap, rub, ang, ten;molinia, e. vag, pap, ;molinia, e. vag, ten, bal, pap, rub, ang, comp, levermoser, bladmoser;e.vag, molinia, polytrichium, drosera rot, bladmoser, riparium, ang, balt, rub, ten, comp, pap, levermoser;;e. ang, e, vag, molinia, pap, levermose;e. vag, moliniam pap, dicranum, andre levermoser, soldogg;e.vag., molinia, emp nigr, jun com, drosera rot, rome, ten, comp, pap, rub, ang, bal, bladmoser, plytrichium, levermose, bet pub;e.vag, drosera rot, molinia, badmose, pap, rub, ten, comp, bal, polytrichium;e.vag, molinia, emp., pap, dicranum;e.vag, pap, fus, dicranum;calluna, drosera, emp, e.vag, dicranum, pap, rub, ang, comp, ten;calluna, pin syl, e.vag, emp nig, rub, pap, ang, ten, comp, polytrichium;dvergbjørk, klokkelyng, rome, andromeda, levermoser, tranebær, pap, ten, rub, comp, åtilifium, ;pap, rub, ten(dom), bjønnskjegg, rome, e.vag, andromeda, erica tet, bladmose, elvesnelle, dro rot;eten, pap e, .vag, erica tetra, andromeda, rome, bet nan, oxycoccus;rome, bjørneskjegg, e.vag, erica, bjørk, calluna, ten, pap, rub, dicranum ;bet nan, bjønnskjegg, rome, erica tet, andromeda, pap, ten, rub, levermose, pin syl, bladmoser, e.vag.;rome, e. vag, bjørneskjegg, kvitlyng, pap, ten, rub, andre bladmoser, soldogg, levermoser;rome, bjørk, soldogg, bjørneskjegg, klokkelyng, e.vag, kvitlyng, pap, rub, ten, ;dvergbjørk, elvesnelle, rome, bjørneskjegg, e. ang, kvitlyng, soldogg, duskull, flaskestarr?, pap, com, rub, ten;rome, dicranum, carex sp., klokkelyng, bjørneskjegg, eri vag, rundsoldogg, molte, kvitlyng, sph pap, sph ten, sph rub, warn fluit, ptilidium cili, oxyccous;mest pap, rub, ten, klokkelyng, rome, e.vag, e.ang, bjørneskjegg, kvitlyng, geoglossum sopp,carexflaskestarr?, stram stram, dicranum;rome, klokkelyng, kvitlyng, rundsoldogg, dicranum, eri vag, bjørneskjegg, sph pap, sph ten, sph rub, stram stram,oxyccocus, levermose cf. clad fluitans;rome, eri vag, bjørneskjegg, klokkelymg, oxyccocus, kvitlyng, grå reinlav, dicranum, ptilidium ciliare, polytrichum strictum, sph pap, sph  rub, sph ten, warn fluit, stram stram, ;rome, eri vag, bjørneskjegg, kvitlyng, oxyc, rundsoldogg, grå reinlav, sph pap, sphten, sph rub, dicranum, stram stram, warn flui, ptil cil, cf. cla fluitans, ;rome, klokkelyng, eri vag, bjørneskjegg, kvitlyng, molte, oxy, rund soldogg, spg pap, sph ten, sph rub, cf cla fluit, ptili cil, dicranum, warn fluit, ;rome, klokkelyng, eri vag, bjørneskjegg, kvitlyng, molte, oxy, rund soldogg, spg pap, sph ten, sph rub, cf cla fluit, ptili cil, dicranum, warn fluit, ;furuspire, bjørneskjegg, e. vag, warni fluitans, pap, kvitlyng, rome, soldogg, tranebær, rub, ten;klokkelyng, kvitlyng, soldogg, tranebær, bjørneskjegg, e.vag,  rome, pap, pulchrum, rub, ten;klokkelyng, rome, andromeda, bjørneskjegg, soldogg, eri vag, dicranum, warnstorfi fluitans, pap, mye ten, såvidt rub;dicranum, warn flui, klokkelyng, rome, eri vag, bjørneskjegg, soldogg, kvitlyng, bjørk, pap, rub, ten;;andromeda, røsslyng, molte, dvergbjørk, bjørneskjegg, torvmyrull, bjørnemose, furumose, dicranum, levermoser, rubellum, flaskestarr ;andromeda, røsslyng, sveltstarr, flaskestarr, torvmyrull, tranebær, molte, stramineum, dvergbjørk, pap, rub, ang;andromeda, flaskestarr, sveltstarr, molte, tranebær, rub, ang,  såvidt pap;flaskestarr, sveltstarr, torvmyrull, andromeda, tranebær, molte, pap mest, litt rub og ang;stramineum, dicranum, sveltstarr, flaskestarr, torvmyrull, andromeda, røsslyng, tranebær, pap dom, rub, såvidt ang og bal,  ;røsslyng, molte, tranebær, dicranum, tilium bakkefrynse, bjørneskjegg, furu,furumose, lys reinlav, cladonia, rub dom, fus, såvidt ten ;røsslyng, bakkefrynse, mylia, lys reinlav, grå reinlav, andromeda, tranebpr, molte, ten, fus, furumose, bjørnemose, bjørneskjegg, torvmyrull, furu ;bjørk liten, andromeda, røsslyng, krekling, bjønnskjegg, torvmyrull, mylia masse, c. fluitans svart liten levermose masse, tranebær, ptilidium, ten, bittelitt fus;andromeda, tranebær, soldogg, ptilidium, svart liten levermose masse, bjørneskjegg, såvidt røsslyng, lys reinlav, ten dom, litt rub, ;bjørneskjegg, soldogg, andromeda, røsslyng, tranebær, ptilidium, dicranum, levermoser, ten mest, fus, såvidt rub, mylia, lys reinlav, grå reinlav, furu
Notes;;;;;;;;;;;;;;;;;;;;;;;;;;;;;;;;;;;;;;;;;;;;;;;;;;;;;;;;;;;;;;;;;;;;;;;;;;;;;;;;;;;;;;;;;; en stor klump i sø, ellers veldig jevn;;; en stor klump i sø, ellers veldig jevn;;;;;;;;;;;;;;;;;;;;;;;;halve ruta høyere med mer ujevn overflate, halve jevn;;i nø er det en høy kant, 14 cm, ellers helt jevn;;;;;;;;;;;;;;;;;;;;;;;høy kant;;;;;;;;;;;;;;;;;;;;;;;;;;;;;;;;;;;;;;;;;;;;;;;;;;;;;;;;;;;;;;;;;leire;;;;leire;;pogonatum dentatum (fjellkrukkemose) m sporofytter;;;;;delvis under vann;;delvis  under vann;masse torvmoser under myrull;;;;under vann;;;delvis under vann;delvis under vann;delvis under vann;delvis under vann;;;;delvis under vann;;;nesten totalt under vann;50% under vann;;;;;;under vann;;;;;;;;vann;tråkk;;;vann;;;vann;;;;;;;;;;;;;;;elgbæsj;;;;;;;;;;;;;;;delvis under vann;delvis under vann;delvis under vann;;halvparten under vann;;;;;;;;under vann;;;;;;;;;;;under vann;under vann;delvis under vann;delvis under vann;under vann;;;under vann;;;;;;;;;;;;;;;;;;;;;;;;;;;;;;;;;;;elgtråkk;;;;;;;;elgtråkk;;;;;;;;;;;;elgtråkk;elgtråkk;;;;;;;;;;;;;;;;;;;;;;;;;;;;;;
